yil,adres,il,ilce,mahalle,mahalle_kodu,nufus
2024,Bursa(Büyükorhan/Büyükorhan Bel./Akçasaz Mah.)-183537,Bursa,Büyükorhan,Akçasaz,183537,152
2024,Bursa(Büyükorhan/Büyükorhan Bel./Aktaş Mah.)-183539,Bursa,Büyükorhan,Aktaş,183539,391
2024,Bursa(Büyükorhan/Büyükorhan Bel./Armutçuk Mah.)-11335,Bursa,Büyükorhan,Armutçuk,11335,209
2024,Bursa(Büyükorhan/Büyükorhan Bel./Bademlik Mah.)-183605,Bursa,Büyükorhan,Bademlik,183605,58
2024,Bursa(Büyükorhan/Büyükorhan Bel./Balaban Mah.)-183541,Bursa,Büyükorhan,Balaban,183541,262
2024,Bursa(Büyükorhan/Büyükorhan Bel./Bayındır Mah.)-183543,Bursa,Büyükorhan,Bayındır,183543,88
2024,Bursa(Büyükorhan/Büyükorhan Bel./Burunca Mah.)-183545,Bursa,Büyükorhan,Burunca,183545,115
2024,Bursa(Büyükorhan/Büyükorhan Bel./Çakıryenice Mah.)-183547,Bursa,Büyükorhan,Çakıryenice,183547,76
2024,Bursa(Büyükorhan/Büyükorhan Bel./Çeribaşı Mah.)-183549,Bursa,Büyükorhan,Çeribaşı,183549,227
2024,Bursa(Büyükorhan/Büyükorhan Bel./Cumhuriyet Mah.)-11331,Bursa,Büyükorhan,Cumhuriyet,11331,421
2024,Bursa(Büyükorhan/Büyükorhan Bel./Danaçalı Mah.)-183553,Bursa,Büyükorhan,Danaçalı,183553,175
2024,Bursa(Büyükorhan/Büyükorhan Bel./Danacılar Mah.)-183551,Bursa,Büyükorhan,Danacılar,183551,200
2024,Bursa(Büyükorhan/Büyükorhan Bel./Demirler Mah.)-183555,Bursa,Büyükorhan,Demirler,183555,86
2024,Bursa(Büyükorhan/Büyükorhan Bel./Derecik Mah.)-183557,Bursa,Büyükorhan,Derecik,183557,105
2024,Bursa(Büyükorhan/Büyükorhan Bel./Düğüncüler Mah.)-183561,Bursa,Büyükorhan,Düğüncüler,183561,118
2024,Bursa(Büyükorhan/Büyükorhan Bel./Durhasan Mah.)-183559,Bursa,Büyükorhan,Durhasan,183559,266
2024,Bursa(Büyükorhan/Büyükorhan Bel./Elekçalı Mah.)-183563,Bursa,Büyükorhan,Elekçalı,183563,51
2024,Bursa(Büyükorhan/Büyükorhan Bel./Ericek Mah.)-183565,Bursa,Büyükorhan,Ericek,183565,259
2024,Bursa(Büyükorhan/Büyükorhan Bel./Gedikler Mah.)-183567,Bursa,Büyükorhan,Gedikler,183567,236
2024,Bursa(Büyükorhan/Büyükorhan Bel./Geynik Mah.)-183569,Bursa,Büyükorhan,Geynik,183569,149
2024,Bursa(Büyükorhan/Büyükorhan Bel./Hacıahmetler Mah.)-183571,Bursa,Büyükorhan,Hacıahmetler,183571,105
2024,Bursa(Büyükorhan/Büyükorhan Bel./Hacılar Mah.)-183573,Bursa,Büyükorhan,Hacılar,183573,122
2024,Bursa(Büyükorhan/Büyükorhan Bel./Hemşeriler Mah.)-183575,Bursa,Büyükorhan,Hemşeriler,183575,220
2024,Bursa(Büyükorhan/Büyükorhan Bel./Hocahasan Mah.)-11333,Bursa,Büyükorhan,Hocahasan,11333,527
2024,Bursa(Büyükorhan/Büyükorhan Bel./İsmetiye Mah.)-11336,Bursa,Büyükorhan,İsmetiye,11336,159
2024,Bursa(Büyükorhan/Büyükorhan Bel./Karaağız Mah.)-183577,Bursa,Büyükorhan,Karaağız,183577,189
2024,Bursa(Büyükorhan/Büyükorhan Bel./Karaçukur Mah.)-183579,Bursa,Büyükorhan,Karaçukur,183579,51
2024,Bursa(Büyükorhan/Büyükorhan Bel./Karalar Mah.)-183581,Bursa,Büyükorhan,Karalar,183581,103
2024,Bursa(Büyükorhan/Büyükorhan Bel./Kayapa Mah.)-183583,Bursa,Büyükorhan,Kayapa,183583,218
2024,Bursa(Büyükorhan/Büyükorhan Bel./Kınık Mah.)-183535,Bursa,Büyükorhan,Kınık,183535,725
2024,Bursa(Büyükorhan/Büyükorhan Bel./Kuşlar Mah.)-183585,Bursa,Büyükorhan,Kuşlar,183585,143
2024,Bursa(Büyükorhan/Büyükorhan Bel./Mazlumlar Mah.)-183587,Bursa,Büyükorhan,Mazlumlar,183587,345
2024,Bursa(Büyükorhan/Büyükorhan Bel./Örencik Mah.)-183591,Bursa,Büyükorhan,Örencik,183591,112
2024,Bursa(Büyükorhan/Büyükorhan Bel./Orhan Mah.)-11334,Bursa,Büyükorhan,Orhan,11334,1217
2024,Bursa(Büyükorhan/Büyükorhan Bel./Osmanlar Mah.)-183589,Bursa,Büyükorhan,Osmanlar,183589,48
2024,Bursa(Büyükorhan/Büyükorhan Bel./Özlüce Mah.)-183593,Bursa,Büyükorhan,Özlüce,183593,73
2024,Bursa(Büyükorhan/Büyükorhan Bel./Perçin Mah.)-183595,Bursa,Büyükorhan,Perçin,183595,93
2024,Bursa(Büyükorhan/Büyükorhan Bel./Pınarköy Mah.)-183597,Bursa,Büyükorhan,Pınarköy,183597,314
2024,Bursa(Büyükorhan/Büyükorhan Bel./Pirebeyler Mah.)-183599,Bursa,Büyükorhan,Pirebeyler,183599,86
2024,Bursa(Büyükorhan/Büyükorhan Bel./Sarnıç Mah.)-183601,Bursa,Büyükorhan,Sarnıç,183601,260
2024,Bursa(Büyükorhan/Büyükorhan Bel./Tekerler Mah.)-183603,Bursa,Büyükorhan,Tekerler,183603,35
2024,Bursa(Büyükorhan/Büyükorhan Bel./Yenice Mah.)-183607,Bursa,Büyükorhan,Yenice,183607,583
2024,Bursa(Büyükorhan/Büyükorhan Bel./Zaferiye Mah.)-183609,Bursa,Büyükorhan,Zaferiye,183609,224
2024,Bursa(Gemlik/Gemlik Bel./Adliye Mah.)-183611,Bursa,Gemlik,Adliye,183611,228
2024,Bursa(Gemlik/Gemlik Bel./Ata Mah.)-11339,Bursa,Gemlik,Ata,11339,2068
2024,Bursa(Gemlik/Gemlik Bel./Balıkpazarı Mah.)-11340,Bursa,Gemlik,Balıkpazarı,11340,1689
2024,Bursa(Gemlik/Gemlik Bel./Büyükkumla Mah.)-183613,Bursa,Gemlik,Büyükkumla,183613,692
2024,Bursa(Gemlik/Gemlik Bel./Cihatlı Mah.)-183615,Bursa,Gemlik,Cihatlı,183615,1864
2024,Bursa(Gemlik/Gemlik Bel./Cumhuriyet Mah.)-196385,Bursa,Gemlik,Cumhuriyet,196385,15144
2024,Bursa(Gemlik/Gemlik Bel./Demirsubaşı Mah.)-11342,Bursa,Gemlik,Demirsubaşı,11342,1151
2024,Bursa(Gemlik/Gemlik Bel./Dr.Ziya Kaya Mah.)-11343,Bursa,Gemlik,Dr.Ziya Kaya,11343,17211
2024,Bursa(Gemlik/Gemlik Bel./Engürücük Mah.)-183617,Bursa,Gemlik,Engürücük,183617,1843
2024,Bursa(Gemlik/Gemlik Bel./Eşref Dinçer Mah.)-11344,Bursa,Gemlik,Eşref Dinçer,11344,21713
2024,Bursa(Gemlik/Gemlik Bel./Feyziye Mah.)-183619,Bursa,Gemlik,Feyziye,183619,179
2024,Bursa(Gemlik/Gemlik Bel./Fındıcak Mah.)-183621,Bursa,Gemlik,Fındıcak,183621,33
2024,Bursa(Gemlik/Gemlik Bel./Gençali Mah.)-11352,Bursa,Gemlik,Gençali,11352,1412
2024,Bursa(Gemlik/Gemlik Bel./Güvenli Mah.)-183623,Bursa,Gemlik,Güvenli,183623,168
2024,Bursa(Gemlik/Gemlik Bel./Halitpaşa Mah.)-11345,Bursa,Gemlik,Halitpaşa,11345,926
2024,Bursa(Gemlik/Gemlik Bel./Hamidiyeköy Mah.)-183625,Bursa,Gemlik,Hamidiyeköy,183625,239
2024,Bursa(Gemlik/Gemlik Bel./Hamidiye Mah.)-11346,Bursa,Gemlik,Hamidiye,11346,16077
2024,Bursa(Gemlik/Gemlik Bel./Haydariye Mah.)-183627,Bursa,Gemlik,Haydariye,183627,448
2024,Bursa(Gemlik/Gemlik Bel./Hisar Mah.)-11347,Bursa,Gemlik,Hisar,11347,7528
2024,Bursa(Gemlik/Gemlik Bel./Karacaali Mah.)-183629,Bursa,Gemlik,Karacaali,183629,625
2024,Bursa(Gemlik/Gemlik Bel./Katırlı Mah.)-183631,Bursa,Gemlik,Katırlı,183631,471
2024,Bursa(Gemlik/Gemlik Bel./Kayhan Mah.)-11348,Bursa,Gemlik,Kayhan,11348,2741
2024,Bursa(Gemlik/Gemlik Bel./Küçükkumla Mah.)-140857,Bursa,Gemlik,Küçükkumla,140857,553
2024,Bursa(Gemlik/Gemlik Bel./Kumla Mah.)-140861,Bursa,Gemlik,Kumla,140861,6579
2024,Bursa(Gemlik/Gemlik Bel./Kurşunlu Mah.)-140855,Bursa,Gemlik,Kurşunlu,140855,1990
2024,Bursa(Gemlik/Gemlik Bel./Kurtul Mah.)-183633,Bursa,Gemlik,Kurtul,183633,793
2024,Bursa(Gemlik/Gemlik Bel./Muratoba Mah.)-183635,Bursa,Gemlik,Muratoba,183635,475
2024,Bursa(Gemlik/Gemlik Bel./Narlı Mah.)-183637,Bursa,Gemlik,Narlı,183637,366
2024,Bursa(Gemlik/Gemlik Bel./Orhaniye Mah.)-196387,Bursa,Gemlik,Orhaniye,196387,1557
2024,Bursa(Gemlik/Gemlik Bel./Osmaniye Mah.)-11350,Bursa,Gemlik,Osmaniye,11350,6316
2024,Bursa(Gemlik/Gemlik Bel./Şahinyurdu Mah.)-183639,Bursa,Gemlik,Şahinyurdu,183639,400
2024,Bursa(Gemlik/Gemlik Bel./Şükriye Mah.)-183641,Bursa,Gemlik,Şükriye,183641,180
2024,Bursa(Gemlik/Gemlik Bel./Umurbey Mah.)-140853,Bursa,Gemlik,Umurbey,140853,4635
2024,Bursa(Gemlik/Gemlik Bel./Yeniköy Mah.)-183643,Bursa,Gemlik,Yeniköy,183643,434
2024,Bursa(Gemlik/Gemlik Bel./Yeni Mah.)-11351,Bursa,Gemlik,Yeni,11351,4622
2024,Bursa(Gürsu/Gürsu Bel./Adaköy Mah.)-11366,Bursa,Gürsu,Adaköy,11366,1305
2024,Bursa(Gürsu/Gürsu Bel./Ağaköy Mah.)-11367,Bursa,Gürsu,Ağaköy,11367,793
2024,Bursa(Gürsu/Gürsu Bel./Canbazlarköyü Mah.)-183645,Bursa,Gürsu,Canbazlarköyü,183645,238
2024,Bursa(Gürsu/Gürsu Bel./Dışkayaköyü Mah.)-183647,Bursa,Gürsu,Dışkayaköyü,183647,207
2024,Bursa(Gürsu/Gürsu Bel./Ericekköyü Mah.)-183649,Bursa,Gürsu,Ericekköyü,183649,168
2024,Bursa(Gürsu/Gürsu Bel./Hasanköy Mah.)-11368,Bursa,Gürsu,Hasanköy,11368,403
2024,Bursa(Gürsu/Gürsu Bel./İğdirköyü Mah.)-183651,Bursa,Gürsu,İğdirköyü,183651,600
2024,Bursa(Gürsu/Gürsu Bel./İpekyolu Mah.)-197753,Bursa,Gürsu,İpekyolu,197753,4967
2024,Bursa(Gürsu/Gürsu Bel./İstiklal Mah.)-11362,Bursa,Gürsu,İstiklal,11362,20636
2024,Bursa(Gürsu/Gürsu Bel./Karahıdırköyü Mah.)-183653,Bursa,Gürsu,Karahıdırköyü,183653,708
2024,Bursa(Gürsu/Gürsu Bel./Kazıklıköyü Mah.)-183655,Bursa,Gürsu,Kazıklıköyü,183655,743
2024,Bursa(Gürsu/Gürsu Bel./Kumlukalan Mah.)-11369,Bursa,Gürsu,Kumlukalan,11369,1531
2024,Bursa(Gürsu/Gürsu Bel./Kurtuluş Mah.)-11363,Bursa,Gürsu,Kurtuluş,11363,28181
2024,Bursa(Gürsu/Gürsu Bel./Yenidoğan Mah.)-11364,Bursa,Gürsu,Yenidoğan,11364,21691
2024,Bursa(Gürsu/Gürsu Bel./Zafer Mah.)-11365,Bursa,Gürsu,Zafer,11365,22665
2024,Bursa(Harmancık/Harmancık Bel./Akpınar Mah.)-183657,Bursa,Harmancık,Akpınar,183657,81
2024,Bursa(Harmancık/Harmancık Bel./Alutca Mah.)-183659,Bursa,Harmancık,Alutca,183659,36
2024,Bursa(Harmancık/Harmancık Bel./Balatdanişment Mah.)-183661,Bursa,Harmancık,Balatdanişment,183661,111
2024,Bursa(Harmancık/Harmancık Bel./Ballısaray Mah.)-11379,Bursa,Harmancık,Ballısaray,11379,262
2024,Bursa(Harmancık/Harmancık Bel./Bekdemirler Mah.)-183663,Bursa,Harmancık,Bekdemirler,183663,128
2024,Bursa(Harmancık/Harmancık Bel./Çakmak Mah.)-183665,Bursa,Harmancık,Çakmak,183665,167
2024,Bursa(Harmancık/Harmancık Bel./Çamoğlu Mah.)-11372,Bursa,Harmancık,Çamoğlu,11372,70
2024,Bursa(Harmancık/Harmancık Bel./Çatalsöğüt Mah.)-183667,Bursa,Harmancık,Çatalsöğüt,183667,367
2024,Bursa(Harmancık/Harmancık Bel./Dedebali Mah.)-183669,Bursa,Harmancık,Dedebali,183669,95
2024,Bursa(Harmancık/Harmancık Bel./Delicegüney Mah.)-183671,Bursa,Harmancık,Delicegüney,183671,50
2024,Bursa(Harmancık/Harmancık Bel./Dutluca Mah.)-183673,Bursa,Harmancık,Dutluca,183673,174
2024,Bursa(Harmancık/Harmancık Bel./Ece Mah.)-11373,Bursa,Harmancık,Ece,11373,158
2024,Bursa(Harmancık/Harmancık Bel./Gedikören Mah.)-183675,Bursa,Harmancık,Gedikören,183675,183
2024,Bursa(Harmancık/Harmancık Bel./Gökçeler Mah.)-183677,Bursa,Harmancık,Gökçeler,183677,153
2024,Bursa(Harmancık/Harmancık Bel./Gülözü Mah.)-183679,Bursa,Harmancık,Gülözü,183679,283
2024,Bursa(Harmancık/Harmancık Bel./Harmancık Akalan Mah.)-183681,Bursa,Harmancık,Harmancık Akalan,183681,198
2024,Bursa(Harmancık/Harmancık Bel./Hopandanişment Mah.)-183683,Bursa,Harmancık,Hopandanişment,183683,161
2024,Bursa(Harmancık/Harmancık Bel./Ilıcaksu Mah.)-183685,Bursa,Harmancık,Ilıcaksu,183685,62
2024,Bursa(Harmancık/Harmancık Bel./İshaklar Mah.)-183687,Bursa,Harmancık,İshaklar,183687,85
2024,Bursa(Harmancık/Harmancık Bel./Karaca Mah.)-11380,Bursa,Harmancık,Karaca,11380,153
2024,Bursa(Harmancık/Harmancık Bel./Kepekdere Mah.)-11376,Bursa,Harmancık,Kepekdere,11376,157
2024,Bursa(Harmancık/Harmancık Bel./Kılavuzlar Mah.)-11377,Bursa,Harmancık,Kılavuzlar,11377,77
2024,Bursa(Harmancık/Harmancık Bel./Kışmanlar Mah.)-183689,Bursa,Harmancık,Kışmanlar,183689,202
2024,Bursa(Harmancık/Harmancık Bel./Kocapınar Mah.)-183691,Bursa,Harmancık,Kocapınar,183691,24
2024,Bursa(Harmancık/Harmancık Bel./Kozluca Mah.)-183693,Bursa,Harmancık,Kozluca,183693,80
2024,Bursa(Harmancık/Harmancık Bel./Merkez Mah.)-11374,Bursa,Harmancık,Merkez,11374,2203
2024,Bursa(Harmancık/Harmancık Bel./Nalbant Mah.)-183695,Bursa,Harmancık,Nalbant,183695,163
2024,Bursa(Harmancık/Harmancık Bel./Okçular Mah.)-183697,Bursa,Harmancık,Okçular,183697,45
2024,Bursa(Harmancık/Harmancık Bel./Saçaklı Mah.)-11375,Bursa,Harmancık,Saçaklı,11375,38
2024,Bursa(Harmancık/Harmancık Bel./Yayabaşı Mah.)-11378,Bursa,Harmancık,Yayabaşı,11378,139
2024,Bursa(Harmancık/Harmancık Bel./Yeşilyurt Mah.)-183699,Bursa,Harmancık,Yeşilyurt,183699,99
2024,Bursa(İnegöl/İnegöl Bel./Akbaşlar Mah.)-183709,Bursa,İnegöl,Akbaşlar,183709,170
2024,Bursa(İnegöl/İnegöl Bel./Akhisar Mah.)-11394,Bursa,İnegöl,Akhisar,11394,17432
2024,Bursa(İnegöl/İnegöl Bel./Akıncılar Mah.)-183711,Bursa,İnegöl,Akıncılar,183711,308
2024,Bursa(İnegöl/İnegöl Bel./Alibey Mah.)-183713,Bursa,İnegöl,Alibey,183713,827
2024,Bursa(İnegöl/İnegöl Bel./Aşağıballık Mah.)-183851,Bursa,İnegöl,Aşağıballık,183851,343
2024,Bursa(İnegöl/İnegöl Bel./Babaoğlu Mah.)-183715,Bursa,İnegöl,Babaoğlu,183715,57
2024,Bursa(İnegöl/İnegöl Bel./Bahariye Mah.)-183717,Bursa,İnegöl,Bahariye,183717,138
2024,Bursa(İnegöl/İnegöl Bel./Bahçekaya Mah.)-183853,Bursa,İnegöl,Bahçekaya,183853,59
2024,Bursa(İnegöl/İnegöl Bel./Baykoca Mah.)-196591,Bursa,İnegöl,Baykoca,196591,7624
2024,Bursa(İnegöl/İnegöl Bel./Bayramşah Mah.)-183719,Bursa,İnegöl,Bayramşah,183719,99
2024,Bursa(İnegöl/İnegöl Bel./Bilalköy Mah.)-183721,Bursa,İnegöl,Bilalköy,183721,568
2024,Bursa(İnegöl/İnegöl Bel./Boğazköy Mah.)-183723,Bursa,İnegöl,Boğazköy,183723,436
2024,Bursa(İnegöl/İnegöl Bel./Burhaniye Mah.)-11381,Bursa,İnegöl,Burhaniye,11381,4351
2024,Bursa(İnegöl/İnegöl Bel./Çavuşköy Mah.)-183725,Bursa,İnegöl,Çavuşköy,183725,372
2024,Bursa(İnegöl/İnegöl Bel./Çaylıca Mah.)-183727,Bursa,İnegöl,Çaylıca,183727,90
2024,Bursa(İnegöl/İnegöl Bel./Çayyaka Mah.)-183729,Bursa,İnegöl,Çayyaka,183729,508
2024,Bursa(İnegöl/İnegöl Bel./Çeltikçi Mah.)-183731,Bursa,İnegöl,Çeltikçi,183731,1435
2024,Bursa(İnegöl/İnegöl Bel./Cemiyet Mah.)-183785,Bursa,İnegöl,Cemiyet,183785,216
2024,Bursa(İnegöl/İnegöl Bel./Cerrah Mah.)-183701,Bursa,İnegöl,Cerrah,183701,5880
2024,Bursa(İnegöl/İnegöl Bel./Çiftlikköy Mah.)-183733,Bursa,İnegöl,Çiftlikköy,183733,219
2024,Bursa(İnegöl/İnegöl Bel./Çitli Mah.)-183735,Bursa,İnegöl,Çitli,183735,1121
2024,Bursa(İnegöl/İnegöl Bel./Cuma Mah.)-11382,Bursa,İnegöl,Cuma,11382,3355
2024,Bursa(İnegöl/İnegöl Bel./Cumhuriyet Mah.)-11396,Bursa,İnegöl,Cumhuriyet,11396,4892
2024,Bursa(İnegöl/İnegöl Bel./Deydinler Mah.)-183737,Bursa,İnegöl,Deydinler,183737,1032
2024,Bursa(İnegöl/İnegöl Bel./Dipsizgöl Mah.)-183739,Bursa,İnegöl,Dipsizgöl,183739,756
2024,Bursa(İnegöl/İnegöl Bel./Doğanyurdu Mah.)-183741,Bursa,İnegöl,Doğanyurdu,183741,129
2024,Bursa(İnegöl/İnegöl Bel./Dömez Mah.)-183743,Bursa,İnegöl,Dömez,183743,142
2024,Bursa(İnegöl/İnegöl Bel./Edebey Mah.)-183745,Bursa,İnegöl,Edebey,183745,860
2024,Bursa(İnegöl/İnegöl Bel./Elmaçayır Mah.)-183747,Bursa,İnegöl,Elmaçayır,183747,126
2024,Bursa(İnegöl/İnegöl Bel./Ertuğrulgazi Mah.)-11399,Bursa,İnegöl,Ertuğrulgazi,11399,11960
2024,Bursa(İnegöl/İnegöl Bel./Esenköy Mah.)-183749,Bursa,İnegöl,Esenköy,183749,219
2024,Bursa(İnegöl/İnegöl Bel./Esentepe Mah.)-11397,Bursa,İnegöl,Esentepe,11397,8100
2024,Bursa(İnegöl/İnegöl Bel./Eski Bahçekaya Mah.)-183871,Bursa,İnegöl,Eski Bahçekaya,183871,165
2024,Bursa(İnegöl/İnegöl Bel./Eskikaracakaya Mah.)-183855,Bursa,İnegöl,Eskikaracakaya,183855,182
2024,Bursa(İnegöl/İnegöl Bel./Eskiköy Mah.)-183751,Bursa,İnegöl,Eskiköy,183751,76
2024,Bursa(İnegöl/İnegöl Bel./Eymir Mah.)-183753,Bursa,İnegöl,Eymir,183753,262
2024,Bursa(İnegöl/İnegöl Bel./Fatih Mah.)-11398,Bursa,İnegöl,Fatih,11398,10121
2024,Bursa(İnegöl/İnegöl Bel./Fevziye Mah.)-183755,Bursa,İnegöl,Fevziye,183755,133
2024,Bursa(İnegöl/İnegöl Bel./Fındıklı Mah.)-183757,Bursa,İnegöl,Fındıklı,183757,102
2024,Bursa(İnegöl/İnegöl Bel./Gazelli Mah.)-183767,Bursa,İnegöl,Gazelli,183767,141
2024,Bursa(İnegöl/İnegöl Bel./Gedikpınar Mah.)-183857,Bursa,İnegöl,Gedikpınar,183857,107
2024,Bursa(İnegöl/İnegöl Bel./Gülbahçe Mah.)-183759,Bursa,İnegöl,Gülbahçe,183759,144
2024,Bursa(İnegöl/İnegöl Bel./Gündüzlü Mah.)-183859,Bursa,İnegöl,Gündüzlü,183859,670
2024,Bursa(İnegöl/İnegöl Bel./Güneykestane Mah.)-183861,Bursa,İnegöl,Güneykestane,183861,93
2024,Bursa(İnegöl/İnegöl Bel./Güzelyurt Mah.)-183761,Bursa,İnegöl,Güzelyurt,183761,151
2024,Bursa(İnegöl/İnegöl Bel./Hacıkara Mah.)-183863,Bursa,İnegöl,Hacıkara,183863,258
2024,Bursa(İnegöl/İnegöl Bel./Halhalca Mah.)-183763,Bursa,İnegöl,Halhalca,183763,242
2024,Bursa(İnegöl/İnegöl Bel./Hamamlı Mah.)-183765,Bursa,İnegöl,Hamamlı,183765,550
2024,Bursa(İnegöl/İnegöl Bel./Hamidiye Mah.)-11383,Bursa,İnegöl,Hamidiye,11383,18570
2024,Bursa(İnegöl/İnegöl Bel./Hamitabat Mah.)-183769,Bursa,İnegöl,Hamitabat,183769,331
2024,Bursa(İnegöl/İnegöl Bel./Hamzabey Mah.)-183771,Bursa,İnegöl,Hamzabey,183771,968
2024,Bursa(İnegöl/İnegöl Bel./Hasanpaşa Mah.)-183773,Bursa,İnegöl,Hasanpaşa,183773,443
2024,Bursa(İnegöl/İnegöl Bel./Hayriye Mah.)-183775,Bursa,İnegöl,Hayriye,183775,288
2024,Bursa(İnegöl/İnegöl Bel./Hilmiye Mah.)-183865,Bursa,İnegöl,Hilmiye,183865,306
2024,Bursa(İnegöl/İnegöl Bel./Hocaköy Mah.)-183777,Bursa,İnegöl,Hocaköy,183777,1087
2024,Bursa(İnegöl/İnegöl Bel./Huzur Mah.)-11393,Bursa,İnegöl,Huzur,11393,11381
2024,Bursa(İnegöl/İnegöl Bel./İclaliye Mah.)-183779,Bursa,İnegöl,İclaliye,183779,91
2024,Bursa(İnegöl/İnegöl Bel./İhsaniye Mah.)-183867,Bursa,İnegöl,İhsaniye,183867,219
2024,Bursa(İnegöl/İnegöl Bel./İsaören Mah.)-183783,Bursa,İnegöl,İsaören,183783,1216
2024,Bursa(İnegöl/İnegöl Bel./Karagölet Mah.)-183787,Bursa,İnegöl,Karagölet,183787,151
2024,Bursa(İnegöl/İnegöl Bel./Karahasanlar Mah.)-183789,Bursa,İnegöl,Karahasanlar,183789,99
2024,Bursa(İnegöl/İnegöl Bel./Karakadı Mah.)-183791,Bursa,İnegöl,Karakadı,183791,110
2024,Bursa(İnegöl/İnegöl Bel./Karalar Mah.)-183793,Bursa,İnegöl,Karalar,183793,1884
2024,Bursa(İnegöl/İnegöl Bel./Kayapınar Mah.)-183795,Bursa,İnegöl,Kayapınar,183795,355
2024,Bursa(İnegöl/İnegöl Bel./Kemalpaşa Mah.)-11384,Bursa,İnegöl,Kemalpaşa,11384,24725
2024,Bursa(İnegöl/İnegöl Bel./Kestanealanı Mah.)-183797,Bursa,İnegöl,Kestanealanı,183797,66
2024,Bursa(İnegöl/İnegöl Bel./Kınık Mah.)-183799,Bursa,İnegöl,Kınık,183799,124
2024,Bursa(İnegöl/İnegöl Bel./Kıran Mah.)-183801,Bursa,İnegöl,Kıran,183801,333
2024,Bursa(İnegöl/İnegöl Bel./Kocakonak Mah.)-183869,Bursa,İnegöl,Kocakonak,183869,93
2024,Bursa(İnegöl/İnegöl Bel./Konurlar Mah.)-183803,Bursa,İnegöl,Konurlar,183803,270
2024,Bursa(İnegöl/İnegöl Bel./Kozluca Mah.)-183805,Bursa,İnegöl,Kozluca,183805,357
2024,Bursa(İnegöl/İnegöl Bel./Küçükyenice Mah.)-183809,Bursa,İnegöl,Küçükyenice,183809,873
2024,Bursa(İnegöl/İnegöl Bel./Kulaca Mah.)-183807,Bursa,İnegöl,Kulaca,183807,856
2024,Bursa(İnegöl/İnegöl Bel./Kurşunlu Mah.)-183703,Bursa,İnegöl,Kurşunlu,183703,4003
2024,Bursa(İnegöl/İnegöl Bel./Lütfiye Mah.)-183811,Bursa,İnegöl,Lütfiye,183811,139
2024,Bursa(İnegöl/İnegöl Bel./Madenköy Mah.)-183813,Bursa,İnegöl,Madenköy,183813,761
2024,Bursa(İnegöl/İnegöl Bel./Mahmudiye Mah.)-11385,Bursa,İnegöl,Mahmudiye,11385,15844
2024,Bursa(İnegöl/İnegöl Bel./Mesudiye Mah.)-11386,Bursa,İnegöl,Mesudiye,11386,17256
2024,Bursa(İnegöl/İnegöl Bel./Mezit Mah.)-183873,Bursa,İnegöl,Mezit,183873,424
2024,Bursa(İnegöl/İnegöl Bel./Muratbey Mah.)-183815,Bursa,İnegöl,Muratbey,183815,155
2024,Bursa(İnegöl/İnegöl Bel./Olukman Mah.)-183817,Bursa,İnegöl,Olukman,183817,113
2024,Bursa(İnegöl/İnegöl Bel./Orhaniye Mah.)-11387,Bursa,İnegöl,Orhaniye,11387,8948
2024,Bursa(İnegöl/İnegöl Bel./Ortaköy Mah.)-183819,Bursa,İnegöl,Ortaköy,183819,798
2024,Bursa(İnegöl/İnegöl Bel./Osmaniyeköy Mah.)-183875,Bursa,İnegöl,Osmaniyeköy,183875,120
2024,Bursa(İnegöl/İnegöl Bel./Osmaniye Mah.)-11388,Bursa,İnegöl,Osmaniye,11388,4363
2024,Bursa(İnegöl/İnegöl Bel./Özlüce Mah.)-183821,Bursa,İnegöl,Özlüce,183821,118
2024,Bursa(İnegöl/İnegöl Bel./Paşaören Mah.)-183823,Bursa,İnegöl,Paşaören,183823,199
2024,Bursa(İnegöl/İnegöl Bel./Rüştiye Mah.)-183877,Bursa,İnegöl,Rüştiye,183877,86
2024,Bursa(İnegöl/İnegöl Bel./Saadet Mah.)-183879,Bursa,İnegöl,Saadet,183879,123
2024,Bursa(İnegöl/İnegöl Bel./Sarıpınar Mah.)-183825,Bursa,İnegöl,Sarıpınar,183825,401
2024,Bursa(İnegöl/İnegöl Bel./Şehitler Mah.)-183837,Bursa,İnegöl,Şehitler,183837,491
2024,Bursa(İnegöl/İnegöl Bel./Sinanbey Mah.)-11389,Bursa,İnegöl,Sinanbey,11389,5337
2024,Bursa(İnegöl/İnegöl Bel./Şipali Mah.)-183839,Bursa,İnegöl,Şipali,183839,637
2024,Bursa(İnegöl/İnegöl Bel./Soğukdere Mah.)-183827,Bursa,İnegöl,Soğukdere,183827,100
2024,Bursa(İnegöl/İnegöl Bel./Süle Mah.)-183831,Bursa,İnegöl,Süle,183831,256
2024,Bursa(İnegöl/İnegöl Bel./Süleymaniye Mah.)-11390,Bursa,İnegöl,Süleymaniye,11390,19609
2024,Bursa(İnegöl/İnegöl Bel./Sulhiye Mah.)-183881,Bursa,İnegöl,Sulhiye,183881,256
2024,Bursa(İnegöl/İnegöl Bel./Sultaniye Mah.)-183883,Bursa,İnegöl,Sultaniye,183883,152
2024,Bursa(İnegöl/İnegöl Bel./Sülüklügöl Mah.)-183833,Bursa,İnegöl,Sülüklügöl,183833,138
2024,Bursa(İnegöl/İnegöl Bel./Sungurpaşa Mah.)-183829,Bursa,İnegöl,Sungurpaşa,183829,342
2024,Bursa(İnegöl/İnegöl Bel./Süpürtü Mah.)-183835,Bursa,İnegöl,Süpürtü,183835,315
2024,Bursa(İnegöl/İnegöl Bel./Tahtaköprü Mah.)-183707,Bursa,İnegöl,Tahtaköprü,183707,1230
2024,Bursa(İnegöl/İnegöl Bel./Tekkeköy Mah.)-183841,Bursa,İnegöl,Tekkeköy,183841,252
2024,Bursa(İnegöl/İnegöl Bel./Tokuş Mah.)-183843,Bursa,İnegöl,Tokuş,183843,91
2024,Bursa(İnegöl/İnegöl Bel./Tüfekçikonak Mah.)-183885,Bursa,İnegöl,Tüfekçikonak,183885,189
2024,Bursa(İnegöl/İnegöl Bel./Turgutalpköy Mah.)-183845,Bursa,İnegöl,Turgutalpköy,183845,327
2024,Bursa(İnegöl/İnegöl Bel./Turgutalp Mah.)-11391,Bursa,İnegöl,Turgutalp,11391,10381
2024,Bursa(İnegöl/İnegöl Bel./Tuzla Mah.)-183781,Bursa,İnegöl,Tuzla,183781,156
2024,Bursa(İnegöl/İnegöl Bel./Yeniceköy Mah.)-183705,Bursa,İnegöl,Yeniceköy,183705,16239
2024,Bursa(İnegöl/İnegöl Bel./Yenice Mah.)-11392,Bursa,İnegöl,Yenice,11392,6174
2024,Bursa(İnegöl/İnegöl Bel./Yeniköy Mah.)-183887,Bursa,İnegöl,Yeniköy,183887,121
2024,Bursa(İnegöl/İnegöl Bel./Yeni Mah.)-11400,Bursa,İnegöl,Yeni,11400,21888
2024,Bursa(İnegöl/İnegöl Bel./Yeniyörük Mah.)-183847,Bursa,İnegöl,Yeniyörük,183847,192
2024,Bursa(İnegöl/İnegöl Bel./Yiğit Mah.)-183849,Bursa,İnegöl,Yiğit,183849,164
2024,Bursa(İnegöl/İnegöl Bel./Yukarıballık Mah.)-183889,Bursa,İnegöl,Yukarıballık,183889,130
2024,Bursa(İnegöl/İnegöl Bel./Yunusemre Mah.)-11401,Bursa,İnegöl,Yunusemre,11401,10815
2024,Bursa(İznik/İznik Bel./Aydınlar Mah.)-183895,Bursa,İznik,Aydınlar,183895,221
2024,Bursa(İznik/İznik Bel./Bayındır Mah.)-183897,Bursa,İznik,Bayındır,183897,197
2024,Bursa(İznik/İznik Bel./Beyler Mah.)-11415,Bursa,İznik,Beyler,11415,1442
2024,Bursa(İznik/İznik Bel./Boyalıca Mah.)-183891,Bursa,İznik,Boyalıca,183891,2188
2024,Bursa(İznik/İznik Bel./Çakırca Mah.)-183899,Bursa,İznik,Çakırca,183899,1008
2024,Bursa(İznik/İznik Bel./Çamdibi Mah.)-183901,Bursa,İznik,Çamdibi,183901,499
2024,Bursa(İznik/İznik Bel./Çamoluk Mah.)-183903,Bursa,İznik,Çamoluk,183903,97
2024,Bursa(İznik/İznik Bel./Çampınar Mah.)-183947,Bursa,İznik,Çampınar,183947,86
2024,Bursa(İznik/İznik Bel./Candarlı Mah.)-183905,Bursa,İznik,Candarlı,183905,171
2024,Bursa(İznik/İznik Bel./Çiçekli Mah.)-183907,Bursa,İznik,Çiçekli,183907,734
2024,Bursa(İznik/İznik Bel./Derbent Mah.)-183911,Bursa,İznik,Derbent,183911,412
2024,Bursa(İznik/İznik Bel./Dereköy Mah.)-183913,Bursa,İznik,Dereköy,183913,278
2024,Bursa(İznik/İznik Bel./Dırazali Mah.)-183915,Bursa,İznik,Dırazali,183915,447
2024,Bursa(İznik/İznik Bel./Elbeyli Mah.)-183893,Bursa,İznik,Elbeyli,183893,2250
2024,Bursa(İznik/İznik Bel./Elmalı Mah.)-183917,Bursa,İznik,Elmalı,183917,357
2024,Bursa(İznik/İznik Bel./Eşrefzade Mah.)-11416,Bursa,İznik,Eşrefzade,11416,5039
2024,Bursa(İznik/İznik Bel./Göllüce Mah.)-183919,Bursa,İznik,Göllüce,183919,1005
2024,Bursa(İznik/İznik Bel./Gürmüzlü Mah.)-183921,Bursa,İznik,Gürmüzlü,183921,244
2024,Bursa(İznik/İznik Bel./Hacıosman Mah.)-183923,Bursa,İznik,Hacıosman,183923,306
2024,Bursa(İznik/İznik Bel./Hisardere Mah.)-183925,Bursa,İznik,Hisardere,183925,229
2024,Bursa(İznik/İznik Bel./Hocaköy Mah.)-183927,Bursa,İznik,Hocaköy,183927,169
2024,Bursa(İznik/İznik Bel./İhsaniye Mah.)-183929,Bursa,İznik,İhsaniye,183929,44
2024,Bursa(İznik/İznik Bel./İnikli Mah.)-183931,Bursa,İznik,İnikli,183931,204
2024,Bursa(İznik/İznik Bel./Karatekin Mah.)-183933,Bursa,İznik,Karatekin,183933,326
2024,Bursa(İznik/İznik Bel./Kaynarca Mah.)-183935,Bursa,İznik,Kaynarca,183935,616
2024,Bursa(İznik/İznik Bel./Kırıntı Mah.)-183937,Bursa,İznik,Kırıntı,183937,199
2024,Bursa(İznik/İznik Bel./Kutluca Mah.)-183939,Bursa,İznik,Kutluca,183939,143
2024,Bursa(İznik/İznik Bel./Mahmudiye Mah.)-183941,Bursa,İznik,Mahmudiye,183941,443
2024,Bursa(İznik/İznik Bel./Mahmut Çelebi Mah.)-11417,Bursa,İznik,Mahmut Çelebi,11417,948
2024,Bursa(İznik/İznik Bel./Mecidiye Mah.)-183943,Bursa,İznik,Mecidiye,183943,81
2024,Bursa(İznik/İznik Bel./Müşküle Mah.)-183909,Bursa,İznik,Müşküle,183909,679
2024,Bursa(İznik/İznik Bel./Mustafa Kemal Paşa Mah.)-11418,Bursa,İznik,Mustafa Kemal Paşa,11418,4614
2024,Bursa(İznik/İznik Bel./Mustafalı Mah.)-183945,Bursa,İznik,Mustafalı,183945,230
2024,Bursa(İznik/İznik Bel./Ömerli Mah.)-183953,Bursa,İznik,Ömerli,183953,278
2024,Bursa(İznik/İznik Bel./Orhaniye Mah.)-183949,Bursa,İznik,Orhaniye,183949,815
2024,Bursa(İznik/İznik Bel./Osmaniye Mah.)-183951,Bursa,İznik,Osmaniye,183951,87
2024,Bursa(İznik/İznik Bel./Sansarak Mah.)-183955,Bursa,İznik,Sansarak,183955,315
2024,Bursa(İznik/İznik Bel./Sarıağıl Mah.)-183957,Bursa,İznik,Sarıağıl,183957,188
2024,Bursa(İznik/İznik Bel./Selçuk Mah.)-11419,Bursa,İznik,Selçuk,11419,7244
2024,Bursa(İznik/İznik Bel./Şerefiye Mah.)-183961,Bursa,İznik,Şerefiye,183961,115
2024,Bursa(İznik/İznik Bel./Süleymaniye Mah.)-183959,Bursa,İznik,Süleymaniye,183959,60
2024,Bursa(İznik/İznik Bel./Tacir Mah.)-183963,Bursa,İznik,Tacir,183963,1643
2024,Bursa(İznik/İznik Bel./Yeni Mah.)-11420,Bursa,İznik,Yeni,11420,2339
2024,Bursa(İznik/İznik Bel./Yenişerefiye Mah.)-183965,Bursa,İznik,Yenişerefiye,183965,110
2024,Bursa(İznik/İznik Bel./Yeşil Camii Mah.)-11421,Bursa,İznik,Yeşil Camii,11421,5816
2024,Bursa(İznik/İznik Bel./Yürükler Mah.)-183967,Bursa,İznik,Yürükler,183967,292
2024,Bursa(Karacabey/Karacabey Bel./Abdullahpaşa Mah.)-19962,Bursa,Karacabey,Abdullahpaşa,19962,1157
2024,Bursa(Karacabey/Karacabey Bel./Akçakoyun Mah.)-183969,Bursa,Karacabey,Akçakoyun,183969,267
2024,Bursa(Karacabey/Karacabey Bel./Akçasusurluk Mah.)-183971,Bursa,Karacabey,Akçasusurluk,183971,170
2024,Bursa(Karacabey/Karacabey Bel./Akhisar Mah.)-183973,Bursa,Karacabey,Akhisar,183973,318
2024,Bursa(Karacabey/Karacabey Bel./Arız Mah.)-183975,Bursa,Karacabey,Arız,183975,157
2024,Bursa(Karacabey/Karacabey Bel./Bakırköy Mah.)-183977,Bursa,Karacabey,Bakırköy,183977,495
2024,Bursa(Karacabey/Karacabey Bel./Ballıkaya Mah.)-183979,Bursa,Karacabey,Ballıkaya,183979,97
2024,Bursa(Karacabey/Karacabey Bel./Bayramdere Mah.)-183981,Bursa,Karacabey,Bayramdere,183981,1545
2024,Bursa(Karacabey/Karacabey Bel./Beylik Mah.)-183983,Bursa,Karacabey,Beylik,183983,585
2024,Bursa(Karacabey/Karacabey Bel./Boğazköy Mah.)-183985,Bursa,Karacabey,Boğazköy,183985,396
2024,Bursa(Karacabey/Karacabey Bel./Çamlıca Mah.)-183989,Bursa,Karacabey,Çamlıca,183989,164
2024,Bursa(Karacabey/Karacabey Bel./Canbalı Mah.)-19963,Bursa,Karacabey,Canbalı,19963,1962
2024,Bursa(Karacabey/Karacabey Bel./Canbaz Mah.)-183987,Bursa,Karacabey,Canbaz,183987,315
2024,Bursa(Karacabey/Karacabey Bel./Çarıkköy Mah.)-183991,Bursa,Karacabey,Çarıkköy,183991,63
2024,Bursa(Karacabey/Karacabey Bel./Çavuş Mah.)-183993,Bursa,Karacabey,Çavuş,183993,271
2024,Bursa(Karacabey/Karacabey Bel./Çeşnigir Mah.)-183995,Bursa,Karacabey,Çeşnigir,183995,129
2024,Bursa(Karacabey/Karacabey Bel./Dağesemen Mah.)-183997,Bursa,Karacabey,Dağesemen,183997,70
2024,Bursa(Karacabey/Karacabey Bel./Dağkadı Mah.)-183999,Bursa,Karacabey,Dağkadı,183999,647
2024,Bursa(Karacabey/Karacabey Bel./Danişment Mah.)-184001,Bursa,Karacabey,Danişment,184001,332
2024,Bursa(Karacabey/Karacabey Bel./Doğla Mah.)-184003,Bursa,Karacabey,Doğla,184003,300
2024,Bursa(Karacabey/Karacabey Bel./Drama Mah.)-19964,Bursa,Karacabey,Drama,19964,1713
2024,Bursa(Karacabey/Karacabey Bel./Ekinli Mah.)-184005,Bursa,Karacabey,Ekinli,184005,280
2024,Bursa(Karacabey/Karacabey Bel./Ekmekçi Mah.)-184007,Bursa,Karacabey,Ekmekçi,184007,302
2024,Bursa(Karacabey/Karacabey Bel./Emirsultan Mah.)-19965,Bursa,Karacabey,Emirsultan,19965,8180
2024,Bursa(Karacabey/Karacabey Bel./Esentepe Mah.)-19966,Bursa,Karacabey,Esentepe,19966,4057
2024,Bursa(Karacabey/Karacabey Bel./Eskikaraağaç Mah.)-184009,Bursa,Karacabey,Eskikaraağaç,184009,204
2024,Bursa(Karacabey/Karacabey Bel./Eskisarıbey Mah.)-184011,Bursa,Karacabey,Eskisarıbey,184011,297
2024,Bursa(Karacabey/Karacabey Bel./Fevzipaşa Mah.)-184013,Bursa,Karacabey,Fevzipaşa,184013,233
2024,Bursa(Karacabey/Karacabey Bel./Garipçe Mah.)-19967,Bursa,Karacabey,Garipçe,19967,1272
2024,Bursa(Karacabey/Karacabey Bel./Gazi Mah.)-19968,Bursa,Karacabey,Gazi,19968,12106
2024,Bursa(Karacabey/Karacabey Bel./Gölecik Mah.)-184015,Bursa,Karacabey,Gölecik,184015,90
2024,Bursa(Karacabey/Karacabey Bel./Gölkıyı Mah.)-184017,Bursa,Karacabey,Gölkıyı,184017,176
2024,Bursa(Karacabey/Karacabey Bel./Gönü Mah.)-184019,Bursa,Karacabey,Gönü,184019,364
2024,Bursa(Karacabey/Karacabey Bel./Güngörmez Mah.)-184021,Bursa,Karacabey,Güngörmez,184021,109
2024,Bursa(Karacabey/Karacabey Bel./Hamidiye Mah.)-19969,Bursa,Karacabey,Hamidiye,19969,3311
2024,Bursa(Karacabey/Karacabey Bel./Harmanlı Mah.)-184025,Bursa,Karacabey,Harmanlı,184025,486
2024,Bursa(Karacabey/Karacabey Bel./Hayırlar Mah.)-184027,Bursa,Karacabey,Hayırlar,184027,114
2024,Bursa(Karacabey/Karacabey Bel./Hotanlı Mah.)-184029,Bursa,Karacabey,Hotanlı,184029,339
2024,Bursa(Karacabey/Karacabey Bel./Hüdavendigar Mah.)-19970,Bursa,Karacabey,Hüdavendigar,19970,2840
2024,Bursa(Karacabey/Karacabey Bel./Hürriyet Mah.)-184031,Bursa,Karacabey,Hürriyet,184031,271
2024,Bursa(Karacabey/Karacabey Bel./İkizce Mah.)-184033,Bursa,Karacabey,İkizce,184033,431
2024,Bursa(Karacabey/Karacabey Bel./İnkaya Mah.)-184035,Bursa,Karacabey,İnkaya,184035,116
2024,Bursa(Karacabey/Karacabey Bel./İsmetpaşa Mah.)-184037,Bursa,Karacabey,İsmetpaşa,184037,489
2024,Bursa(Karacabey/Karacabey Bel./Karacaahmet Mah.)-19971,Bursa,Karacabey,Karacaahmet,19971,2471
2024,Bursa(Karacabey/Karacabey Bel./Karakoca Mah.)-184039,Bursa,Karacabey,Karakoca,184039,696
2024,Bursa(Karacabey/Karacabey Bel./Karasu Mah.)-184041,Bursa,Karacabey,Karasu,184041,108
2024,Bursa(Karacabey/Karacabey Bel./Kedikaya Mah.)-184043,Bursa,Karacabey,Kedikaya,184043,70
2024,Bursa(Karacabey/Karacabey Bel./Keşlik Mah.)-184045,Bursa,Karacabey,Keşlik,184045,465
2024,Bursa(Karacabey/Karacabey Bel./Kıranlar Mah.)-184047,Bursa,Karacabey,Kıranlar,184047,133
2024,Bursa(Karacabey/Karacabey Bel./Küçükkaraağaç Mah.)-184053,Bursa,Karacabey,Küçükkaraağaç,184053,206
2024,Bursa(Karacabey/Karacabey Bel./Kulakpınar Mah.)-184049,Bursa,Karacabey,Kulakpınar,184049,188
2024,Bursa(Karacabey/Karacabey Bel./Kurşunlu Mah.)-184051,Bursa,Karacabey,Kurşunlu,184051,777
2024,Bursa(Karacabey/Karacabey Bel./Mamuriyet Mah.)-19973,Bursa,Karacabey,Mamuriyet,19973,563
2024,Bursa(Karacabey/Karacabey Bel./Mecidiye Mah.)-19974,Bursa,Karacabey,Mecidiye,19974,1258
2024,Bursa(Karacabey/Karacabey Bel./Muratlı Mah.)-184055,Bursa,Karacabey,Muratlı,184055,273
2024,Bursa(Karacabey/Karacabey Bel./Nasrettin Mah.)-19975,Bursa,Karacabey,Nasrettin,19975,1612
2024,Bursa(Karacabey/Karacabey Bel./Okçular Mah.)-184057,Bursa,Karacabey,Okçular,184057,208
2024,Bursa(Karacabey/Karacabey Bel./Örencik Mah.)-184065,Bursa,Karacabey,Örencik,184065,83
2024,Bursa(Karacabey/Karacabey Bel./Orhaniye Mah.)-184059,Bursa,Karacabey,Orhaniye,184059,117
2024,Bursa(Karacabey/Karacabey Bel./Ortasarıbey Mah.)-184061,Bursa,Karacabey,Ortasarıbey,184061,353
2024,Bursa(Karacabey/Karacabey Bel./Ovaesemen Mah.)-184063,Bursa,Karacabey,Ovaesemen,184063,283
2024,Bursa(Karacabey/Karacabey Bel./Ova Hamidiye Mah.)-184023,Bursa,Karacabey,Ova Hamidiye,184023,299
2024,Bursa(Karacabey/Karacabey Bel./Runguşpaşa Mah.)-19976,Bursa,Karacabey,Runguşpaşa,19976,2236
2024,Bursa(Karacabey/Karacabey Bel./Saadet Mah.)-19977,Bursa,Karacabey,Saadet,19977,3748
2024,Bursa(Karacabey/Karacabey Bel./Şahinköy Mah.)-184075,Bursa,Karacabey,Şahinköy,184075,205
2024,Bursa(Karacabey/Karacabey Bel./Şahmelek Mah.)-184077,Bursa,Karacabey,Şahmelek,184077,220
2024,Bursa(Karacabey/Karacabey Bel./Sazlıca Mah.)-184067,Bursa,Karacabey,Sazlıca,184067,196
2024,Bursa(Karacabey/Karacabey Bel./Selimiye Mah.)-19978,Bursa,Karacabey,Selimiye,19978,1846
2024,Bursa(Karacabey/Karacabey Bel./Seyran Mah.)-184069,Bursa,Karacabey,Seyran,184069,358
2024,Bursa(Karacabey/Karacabey Bel./Sırabademler Mah.)-19979,Bursa,Karacabey,Sırabademler,19979,6133
2024,Bursa(Karacabey/Karacabey Bel./Subaşı Mah.)-184071,Bursa,Karacabey,Subaşı,184071,643
2024,Bursa(Karacabey/Karacabey Bel./Sultaniye Mah.)-184073,Bursa,Karacabey,Sultaniye,184073,680
2024,Bursa(Karacabey/Karacabey Bel./Tabaklar Mah.)-19980,Bursa,Karacabey,Tabaklar,19980,1261
2024,Bursa(Karacabey/Karacabey Bel./Taşlık Mah.)-184079,Bursa,Karacabey,Taşlık,184079,259
2024,Bursa(Karacabey/Karacabey Bel./Taşpınar Mah.)-184081,Bursa,Karacabey,Taşpınar,184081,228
2024,Bursa(Karacabey/Karacabey Bel./Tavşanlı Mah.)-19981,Bursa,Karacabey,Tavşanlı,19981,3581
2024,Bursa(Karacabey/Karacabey Bel./Tophisar Mah.)-184083,Bursa,Karacabey,Tophisar,184083,306
2024,Bursa(Karacabey/Karacabey Bel./Uluabat Mah.)-184085,Bursa,Karacabey,Uluabat,184085,464
2024,Bursa(Karacabey/Karacabey Bel./Yarış Mah.)-184087,Bursa,Karacabey,Yarış,184087,196
2024,Bursa(Karacabey/Karacabey Bel./Yenice Mah.)-19983,Bursa,Karacabey,Yenice,19983,1306
2024,Bursa(Karacabey/Karacabey Bel./Yenikaraağaç Mah.)-184089,Bursa,Karacabey,Yenikaraağaç,184089,593
2024,Bursa(Karacabey/Karacabey Bel./Yeni Mah.)-19982,Bursa,Karacabey,Yeni,19982,3067
2024,Bursa(Karacabey/Karacabey Bel./Yenisarıbey Mah.)-184091,Bursa,Karacabey,Yenisarıbey,184091,314
2024,Bursa(Karacabey/Karacabey Bel./Yeşildere Mah.)-184093,Bursa,Karacabey,Yeşildere,184093,200
2024,Bursa(Karacabey/Karacabey Bel./Yolağzı Mah.)-184095,Bursa,Karacabey,Yolağzı,184095,545
2024,Bursa(Keles/Keles Bel./Akçapınar Mah.)-184097,Bursa,Keles,Akçapınar,184097,181
2024,Bursa(Keles/Keles Bel./Alpağut Mah.)-184099,Bursa,Keles,Alpağut,184099,143
2024,Bursa(Keles/Keles Bel./Avdan Mah.)-184101,Bursa,Keles,Avdan,184101,105
2024,Bursa(Keles/Keles Bel./Baraklı Mah.)-184103,Bursa,Keles,Baraklı,184103,546
2024,Bursa(Keles/Keles Bel./Basak Mah.)-184105,Bursa,Keles,Basak,184105,295
2024,Bursa(Keles/Keles Bel./Belenören Mah.)-184107,Bursa,Keles,Belenören,184107,300
2024,Bursa(Keles/Keles Bel./Bıyıklıalanı Mah.)-184109,Bursa,Keles,Bıyıklıalanı,184109,169
2024,Bursa(Keles/Keles Bel./Çukur Mah.)-19987,Bursa,Keles,Çukur,19987,272
2024,Bursa(Keles/Keles Bel./Cuma Mah.)-19986,Bursa,Keles,Cuma,19986,1097
2024,Bursa(Keles/Keles Bel./Dağ Demirciler Mah.)-184113,Bursa,Keles,Dağ Demirciler,184113,82
2024,Bursa(Keles/Keles Bel./Dağdibi Mah.)-184115,Bursa,Keles,Dağdibi,184115,323
2024,Bursa(Keles/Keles Bel./Davutlar Mah.)-184117,Bursa,Keles,Davutlar,184117,317
2024,Bursa(Keles/Keles Bel./Dedeler Mah.)-184119,Bursa,Keles,Dedeler,184119,172
2024,Bursa(Keles/Keles Bel./Delice Mah.)-184121,Bursa,Keles,Delice,184121,255
2024,Bursa(Keles/Keles Bel./Denizler Mah.)-184123,Bursa,Keles,Denizler,184123,147
2024,Bursa(Keles/Keles Bel./Durak Mah.)-184125,Bursa,Keles,Durak,184125,253
2024,Bursa(Keles/Keles Bel./Düvenli Mah.)-184127,Bursa,Keles,Düvenli,184127,165
2024,Bursa(Keles/Keles Bel./Epçeler Mah.)-184129,Bursa,Keles,Epçeler,184129,357
2024,Bursa(Keles/Keles Bel./Ertuğrulgazi Mah.)-19988,Bursa,Keles,Ertuğrulgazi,19988,968
2024,Bursa(Keles/Keles Bel./Gelemiç Mah.)-184131,Bursa,Keles,Gelemiç,184131,382
2024,Bursa(Keles/Keles Bel./Gököz Mah.)-184133,Bursa,Keles,Gököz,184133,116
2024,Bursa(Keles/Keles Bel./Harmanalanı Mah.)-184135,Bursa,Keles,Harmanalanı,184135,181
2024,Bursa(Keles/Keles Bel./Harmancık Demirci Mah.)-184137,Bursa,Keles,Harmancık Demirci,184137,167
2024,Bursa(Keles/Keles Bel./Haydar Mah.)-184139,Bursa,Keles,Haydar,184139,141
2024,Bursa(Keles/Keles Bel./Hereke Mah.)-184111,Bursa,Keles,Hereke,184111,72
2024,Bursa(Keles/Keles Bel./Issızören Mah.)-184141,Bursa,Keles,Issızören,184141,213
2024,Bursa(Keles/Keles Bel./Karaardıç Mah.)-184143,Bursa,Keles,Karaardıç,184143,228
2024,Bursa(Keles/Keles Bel./Kemaliye Mah.)-184145,Bursa,Keles,Kemaliye,184145,206
2024,Bursa(Keles/Keles Bel./Kıran Işıklar Mah.)-184147,Bursa,Keles,Kıran Işıklar,184147,447
2024,Bursa(Keles/Keles Bel./Kirazlı Mah.)-99408,Bursa,Keles,Kirazlı,99408,71
2024,Bursa(Keles/Keles Bel./Koca Kovacık Mah.)-184149,Bursa,Keles,Koca Kovacık,184149,256
2024,Bursa(Keles/Keles Bel./Kozbudaklar Mah.)-184151,Bursa,Keles,Kozbudaklar,184151,296
2024,Bursa(Keles/Keles Bel./Küçük Kovacık Mah.)-19989,Bursa,Keles,Küçük Kovacık,19989,207
2024,Bursa(Keles/Keles Bel./Menteşe Mah.)-184153,Bursa,Keles,Menteşe,184153,213
2024,Bursa(Keles/Keles Bel./Pınarcık Mah.)-184155,Bursa,Keles,Pınarcık,184155,259
2024,Bursa(Keles/Keles Bel./Sofular Mah.)-19990,Bursa,Keles,Sofular,19990,212
2024,Bursa(Keles/Keles Bel./Sorgun Mah.)-184157,Bursa,Keles,Sorgun,184157,337
2024,Bursa(Keles/Keles Bel./Uzunöz Mah.)-184159,Bursa,Keles,Uzunöz,184159,253
2024,Bursa(Keles/Keles Bel./Yağcılar Mah.)-184161,Bursa,Keles,Yağcılar,184161,180
2024,Bursa(Keles/Keles Bel./Yazıbaşı Mah.)-184163,Bursa,Keles,Yazıbaşı,184163,182
2024,Bursa(Keles/Keles Bel./Yenice Mah.)-19991,Bursa,Keles,Yenice,19991,282
2024,Bursa(Keles/Keles Bel./Yunuslar Mah.)-184165,Bursa,Keles,Yunuslar,184165,123
2024,Bursa(Kestel/Kestel Bel./Ağlaşan Mah.)-184167,Bursa,Kestel,Ağlaşan,184167,109
2024,Bursa(Kestel/Kestel Bel./Ahmetvefikpaşa Mah.)-19992,Bursa,Kestel,Ahmetvefikpaşa,19992,12768
2024,Bursa(Kestel/Kestel Bel./Aksu Mah.)-184169,Bursa,Kestel,Aksu,184169,384
2024,Bursa(Kestel/Kestel Bel./Alaçam Mah.)-184171,Bursa,Kestel,Alaçam,184171,519
2024,Bursa(Kestel/Kestel Bel./Babasultan Mah.)-184173,Bursa,Kestel,Babasultan,184173,814
2024,Bursa(Kestel/Kestel Bel./Barakfakih Mah.)-99957,Bursa,Kestel,Barakfakih,99957,1238
2024,Bursa(Kestel/Kestel Bel./Burhaniye Mah.)-184175,Bursa,Kestel,Burhaniye,184175,332
2024,Bursa(Kestel/Kestel Bel./Çataltepe Mah.)-184177,Bursa,Kestel,Çataltepe,184177,970
2024,Bursa(Kestel/Kestel Bel./Derekızık Mah.)-184179,Bursa,Kestel,Derekızık,184179,722
2024,Bursa(Kestel/Kestel Bel./Dudaklı Mah.)-184181,Bursa,Kestel,Dudaklı,184181,365
2024,Bursa(Kestel/Kestel Bel./Erdoğan Mah.)-184183,Bursa,Kestel,Erdoğan,184183,600
2024,Bursa(Kestel/Kestel Bel./Esentepe Mah.)-100131,Bursa,Kestel,Esentepe,100131,5999
2024,Bursa(Kestel/Kestel Bel./Gölbaşı Mah.)-184185,Bursa,Kestel,Gölbaşı,184185,59
2024,Bursa(Kestel/Kestel Bel./Gölcük Mah.)-184187,Bursa,Kestel,Gölcük,184187,494
2024,Bursa(Kestel/Kestel Bel./Gözede Mah.)-184189,Bursa,Kestel,Gözede,184189,409
2024,Bursa(Kestel/Kestel Bel./Kale Mah.)-19993,Bursa,Kestel,Kale,19993,11426
2024,Bursa(Kestel/Kestel Bel./Kayacık Mah.)-184191,Bursa,Kestel,Kayacık,184191,166
2024,Bursa(Kestel/Kestel Bel./Kazancı Mah.)-184215,Bursa,Kestel,Kazancı,184215,208
2024,Bursa(Kestel/Kestel Bel./Kozluören Mah.)-184193,Bursa,Kestel,Kozluören,184193,389
2024,Bursa(Kestel/Kestel Bel./Lütfiye Mah.)-184195,Bursa,Kestel,Lütfiye,184195,264
2024,Bursa(Kestel/Kestel Bel./Narlıdere Mah.)-184197,Bursa,Kestel,Narlıdere,184197,495
2024,Bursa(Kestel/Kestel Bel./Nüzhetiye Mah.)-184199,Bursa,Kestel,Nüzhetiye,184199,75
2024,Bursa(Kestel/Kestel Bel./Orhaniye Mah.)-184201,Bursa,Kestel,Orhaniye,184201,664
2024,Bursa(Kestel/Kestel Bel./Osmaniye Mah.)-184203,Bursa,Kestel,Osmaniye,184203,214
2024,Bursa(Kestel/Kestel Bel./Saitabat Mah.)-184205,Bursa,Kestel,Saitabat,184205,361
2024,Bursa(Kestel/Kestel Bel./Sayfiye Mah.)-184207,Bursa,Kestel,Sayfiye,184207,141
2024,Bursa(Kestel/Kestel Bel./Serme Mah.)-20000,Bursa,Kestel,Serme,20000,662
2024,Bursa(Kestel/Kestel Bel./Şevketiye Mah.)-184213,Bursa,Kestel,Şevketiye,184213,331
2024,Bursa(Kestel/Kestel Bel./Seymen Mah.)-184209,Bursa,Kestel,Seymen,184209,327
2024,Bursa(Kestel/Kestel Bel./Soğuksu Mah.)-184211,Bursa,Kestel,Soğuksu,184211,222
2024,Bursa(Kestel/Kestel Bel./Turanköy Mah.)-184217,Bursa,Kestel,Turanköy,184217,376
2024,Bursa(Kestel/Kestel Bel./Ümitalan Mah.)-184219,Bursa,Kestel,Ümitalan,184219,621
2024,Bursa(Kestel/Kestel Bel./Vanimehmet Mah.)-19994,Bursa,Kestel,Vanimehmet,19994,21365
2024,Bursa(Kestel/Kestel Bel./Yağmurlu Mah.)-184221,Bursa,Kestel,Yağmurlu,184221,119
2024,Bursa(Kestel/Kestel Bel./Yeni Mah.)-19995,Bursa,Kestel,Yeni,19995,12413
2024,Bursa(Mudanya/Mudanya Bel./Akköy Mah.)-184225,Bursa,Mudanya,Akköy,184225,470
2024,Bursa(Mudanya/Mudanya Bel./Altıntaş Mah.)-184227,Bursa,Mudanya,Altıntaş,184227,574
2024,Bursa(Mudanya/Mudanya Bel./Aydınpınar Mah.)-184229,Bursa,Mudanya,Aydınpınar,184229,1054
2024,Bursa(Mudanya/Mudanya Bel./Bademli Mah.)-20007,Bursa,Mudanya,Bademli,20007,5232
2024,Bursa(Mudanya/Mudanya Bel./Balabancık Mah.)-184231,Bursa,Mudanya,Balabancık,184231,412
2024,Bursa(Mudanya/Mudanya Bel./Çağrışan Mah.)-184233,Bursa,Mudanya,Çağrışan,184233,3921
2024,Bursa(Mudanya/Mudanya Bel./Çamlık Mah.)-184265,Bursa,Mudanya,Çamlık,184265,105
2024,Bursa(Mudanya/Mudanya Bel./Çayönü Mah.)-184267,Bursa,Mudanya,Çayönü,184267,274
2024,Bursa(Mudanya/Mudanya Bel./Çekrice Mah.)-184235,Bursa,Mudanya,Çekrice,184235,402
2024,Bursa(Mudanya/Mudanya Bel./Çepni Mah.)-184237,Bursa,Mudanya,Çepni,184237,664
2024,Bursa(Mudanya/Mudanya Bel./Çınarlı Mah.)-184269,Bursa,Mudanya,Çınarlı,184269,185
2024,Bursa(Mudanya/Mudanya Bel./Dedeköy Mah.)-184239,Bursa,Mudanya,Dedeköy,184239,487
2024,Bursa(Mudanya/Mudanya Bel./Dereköy Mah.)-184241,Bursa,Mudanya,Dereköy,184241,518
2024,Bursa(Mudanya/Mudanya Bel./Eğerce Mah.)-184277,Bursa,Mudanya,Eğerce,184277,366
2024,Bursa(Mudanya/Mudanya Bel./Emirleryenicesi Mah.)-184271,Bursa,Mudanya,Emirleryenicesi,184271,109
2024,Bursa(Mudanya/Mudanya Bel./Esence Mah.)-184273,Bursa,Mudanya,Esence,184273,1049
2024,Bursa(Mudanya/Mudanya Bel./Evciler Mah.)-184275,Bursa,Mudanya,Evciler,184275,196
2024,Bursa(Mudanya/Mudanya Bel./Göynüklü Mah.)-184243,Bursa,Mudanya,Göynüklü,184243,1639
2024,Bursa(Mudanya/Mudanya Bel./Güzelyalı Burgaz Mah.)-20010,Bursa,Mudanya,Güzelyalı Burgaz,20010,7718
2024,Bursa(Mudanya/Mudanya Bel./Güzelyalı Eğitim Mah.)-20011,Bursa,Mudanya,Güzelyalı Eğitim,20011,13240
2024,Bursa(Mudanya/Mudanya Bel./Güzelyalı Siteler Mah.)-20012,Bursa,Mudanya,Güzelyalı Siteler,20012,10774
2024,Bursa(Mudanya/Mudanya Bel./Güzelyalı Yalı Mah.)-20013,Bursa,Mudanya,Güzelyalı Yalı,20013,8521
2024,Bursa(Mudanya/Mudanya Bel./Halitpaşa Mah.)-20001,Bursa,Mudanya,Halitpaşa,20001,16771
2024,Bursa(Mudanya/Mudanya Bel./Hançerli Mah.)-184279,Bursa,Mudanya,Hançerli,184279,357
2024,Bursa(Mudanya/Mudanya Bel./Hasanbey Mah.)-20002,Bursa,Mudanya,Hasanbey,20002,3868
2024,Bursa(Mudanya/Mudanya Bel./Hasköy Mah.)-20008,Bursa,Mudanya,Hasköy,20008,1300
2024,Bursa(Mudanya/Mudanya Bel./İpekyayla Mah.)-184247,Bursa,Mudanya,İpekyayla,184247,372
2024,Bursa(Mudanya/Mudanya Bel./Işıklı Mah.)-184245,Bursa,Mudanya,Işıklı,184245,383
2024,Bursa(Mudanya/Mudanya Bel./Kaymakoba Mah.)-184249,Bursa,Mudanya,Kaymakoba,184249,323
2024,Bursa(Mudanya/Mudanya Bel./Küçükyenice Mah.)-184253,Bursa,Mudanya,Küçükyenice,184253,250
2024,Bursa(Mudanya/Mudanya Bel./Kumyaka Mah.)-184251,Bursa,Mudanya,Kumyaka,184251,674
2024,Bursa(Mudanya/Mudanya Bel./Mesudiye Mah.)-184281,Bursa,Mudanya,Mesudiye,184281,570
2024,Bursa(Mudanya/Mudanya Bel./Mirzaoba Mah.)-184255,Bursa,Mudanya,Mirzaoba,184255,505
2024,Bursa(Mudanya/Mudanya Bel./Mürsel Mah.)-184257,Bursa,Mudanya,Mürsel,184257,2256
2024,Bursa(Mudanya/Mudanya Bel./Mütareke Mah.)-20003,Bursa,Mudanya,Mütareke,20003,605
2024,Bursa(Mudanya/Mudanya Bel./Ömerbey Mah.)-20004,Bursa,Mudanya,Ömerbey,20004,7936
2024,Bursa(Mudanya/Mudanya Bel./Orhaniye Mah.)-184259,Bursa,Mudanya,Orhaniye,184259,200
2024,Bursa(Mudanya/Mudanya Bel./Söğütpınar Mah.)-184283,Bursa,Mudanya,Söğütpınar,184283,269
2024,Bursa(Mudanya/Mudanya Bel./Şükrüçavuş Mah.)-20005,Bursa,Mudanya,Şükrüçavuş,20005,3987
2024,Bursa(Mudanya/Mudanya Bel./Tirilye Mah.)-184223,Bursa,Mudanya,Tirilye,184223,1389
2024,Bursa(Mudanya/Mudanya Bel./Ülkü Mah.)-20009,Bursa,Mudanya,Ülkü,20009,1069
2024,Bursa(Mudanya/Mudanya Bel./Yalıçiftlik Mah.)-184285,Bursa,Mudanya,Yalıçiftlik,184285,411
2024,Bursa(Mudanya/Mudanya Bel./Yaman Mah.)-184287,Bursa,Mudanya,Yaman,184287,106
2024,Bursa(Mudanya/Mudanya Bel./Yaylacık Mah.)-184261,Bursa,Mudanya,Yaylacık,184261,130
2024,Bursa(Mudanya/Mudanya Bel./Yeni Mah.)-20006,Bursa,Mudanya,Yeni,20006,8197
2024,Bursa(Mudanya/Mudanya Bel./Yörükali Mah.)-184263,Bursa,Mudanya,Yörükali,184263,582
2024,Bursa(Mudanya/Mudanya Bel./Yörükyenicesi Mah.)-184289,Bursa,Mudanya,Yörükyenicesi,184289,377
2024,Bursa(Mustafakemalpaşa/Mustafakemalpaşa Bel./Adaköy Mah.)-184303,Bursa,Mustafakemalpaşa,Adaköy,184303,367
2024,Bursa(Mustafakemalpaşa/Mustafakemalpaşa Bel./Adalet Mah.)-20039,Bursa,Mustafakemalpaşa,Adalet,20039,496
2024,Bursa(Mustafakemalpaşa/Mustafakemalpaşa Bel./Ağaçlı Mah.)-184477,Bursa,Mustafakemalpaşa,Ağaçlı,184477,84
2024,Bursa(Mustafakemalpaşa/Mustafakemalpaşa Bel./Akarca Mah.)-184305,Bursa,Mustafakemalpaşa,Akarca,184305,116
2024,Bursa(Mustafakemalpaşa/Mustafakemalpaşa Bel./Akçapınar Mah.)-184479,Bursa,Mustafakemalpaşa,Akçapınar,184479,157
2024,Bursa(Mustafakemalpaşa/Mustafakemalpaşa Bel./Alacaat Mah.)-184435,Bursa,Mustafakemalpaşa,Alacaat,184435,64
2024,Bursa(Mustafakemalpaşa/Mustafakemalpaşa Bel./Aliseydi Mah.)-184307,Bursa,Mustafakemalpaşa,Aliseydi,184307,189
2024,Bursa(Mustafakemalpaşa/Mustafakemalpaşa Bel./Alpağut Mah.)-184437,Bursa,Mustafakemalpaşa,Alpağut,184437,622
2024,Bursa(Mustafakemalpaşa/Mustafakemalpaşa Bel./Aralık Mah.)-184309,Bursa,Mustafakemalpaşa,Aralık,184309,291
2024,Bursa(Mustafakemalpaşa/Mustafakemalpaşa Bel./Aşağıbalı Mah.)-184401,Bursa,Mustafakemalpaşa,Aşağıbalı,184401,37
2024,Bursa(Mustafakemalpaşa/Mustafakemalpaşa Bel./Atariye Mah.)-20019,Bursa,Mustafakemalpaşa,Atariye,20019,3736
2024,Bursa(Mustafakemalpaşa/Mustafakemalpaşa Bel./Atatürk Mah.)-20020,Bursa,Mustafakemalpaşa,Atatürk,20020,5055
2024,Bursa(Mustafakemalpaşa/Mustafakemalpaşa Bel./Ayaz Mah.)-184311,Bursa,Mustafakemalpaşa,Ayaz,184311,377
2024,Bursa(Mustafakemalpaşa/Mustafakemalpaşa Bel./Bahariye Mah.)-184313,Bursa,Mustafakemalpaşa,Bahariye,184313,194
2024,Bursa(Mustafakemalpaşa/Mustafakemalpaşa Bel./Barış Mah.)-20037,Bursa,Mustafakemalpaşa,Barış,20037,6469
2024,Bursa(Mustafakemalpaşa/Mustafakemalpaşa Bel./Behram Mah.)-184315,Bursa,Mustafakemalpaşa,Behram,184315,200
2024,Bursa(Mustafakemalpaşa/Mustafakemalpaşa Bel./Boğaz Mah.)-184317,Bursa,Mustafakemalpaşa,Boğaz,184317,80
2024,Bursa(Mustafakemalpaşa/Mustafakemalpaşa Bel./Bostandere Mah.)-184319,Bursa,Mustafakemalpaşa,Bostandere,184319,255
2024,Bursa(Mustafakemalpaşa/Mustafakemalpaşa Bel./Bük Mah.)-184439,Bursa,Mustafakemalpaşa,Bük,184439,216
2024,Bursa(Mustafakemalpaşa/Mustafakemalpaşa Bel./Çakallar Mah.)-184441,Bursa,Mustafakemalpaşa,Çakallar,184441,97
2024,Bursa(Mustafakemalpaşa/Mustafakemalpaşa Bel./Çaltılıbük Mah.)-184399,Bursa,Mustafakemalpaşa,Çaltılıbük,184399,254
2024,Bursa(Mustafakemalpaşa/Mustafakemalpaşa Bel./Camandar Mah.)-184403,Bursa,Mustafakemalpaşa,Camandar,184403,144
2024,Bursa(Mustafakemalpaşa/Mustafakemalpaşa Bel./Çamlıca Mah.)-184405,Bursa,Mustafakemalpaşa,Çamlıca,184405,140
2024,Bursa(Mustafakemalpaşa/Mustafakemalpaşa Bel./Çardakbelen Mah.)-184443,Bursa,Mustafakemalpaşa,Çardakbelen,184443,189
2024,Bursa(Mustafakemalpaşa/Mustafakemalpaşa Bel./Çavuş Mah.)-184445,Bursa,Mustafakemalpaşa,Çavuş,184445,111
2024,Bursa(Mustafakemalpaşa/Mustafakemalpaşa Bel./Çeltikçi Mah.)-184291,Bursa,Mustafakemalpaşa,Çeltikçi,184291,1000
2024,Bursa(Mustafakemalpaşa/Mustafakemalpaşa Bel./Çırpan Mah.)-20021,Bursa,Mustafakemalpaşa,Çırpan,20021,3156
2024,Bursa(Mustafakemalpaşa/Mustafakemalpaşa Bel./Çiviliçam Mah.)-184407,Bursa,Mustafakemalpaşa,Çiviliçam,184407,131
2024,Bursa(Mustafakemalpaşa/Mustafakemalpaşa Bel./Çömlekçi Mah.)-184409,Bursa,Mustafakemalpaşa,Çömlekçi,184409,64
2024,Bursa(Mustafakemalpaşa/Mustafakemalpaşa Bel./Çördük Mah.)-184321,Bursa,Mustafakemalpaşa,Çördük,184321,299
2024,Bursa(Mustafakemalpaşa/Mustafakemalpaşa Bel./Cumhuriyet Mah.)-20038,Bursa,Mustafakemalpaşa,Cumhuriyet,20038,3401
2024,Bursa(Mustafakemalpaşa/Mustafakemalpaşa Bel./Dallıca Mah.)-184323,Bursa,Mustafakemalpaşa,Dallıca,184323,182
2024,Bursa(Mustafakemalpaşa/Mustafakemalpaşa Bel./Demirdere Mah.)-184325,Bursa,Mustafakemalpaşa,Demirdere,184325,232
2024,Bursa(Mustafakemalpaşa/Mustafakemalpaşa Bel./Demireli Mah.)-184327,Bursa,Mustafakemalpaşa,Demireli,184327,361
2024,Bursa(Mustafakemalpaşa/Mustafakemalpaşa Bel./Derecik Mah.)-184329,Bursa,Mustafakemalpaşa,Derecik,184329,248
2024,Bursa(Mustafakemalpaşa/Mustafakemalpaşa Bel./Derekadı Mah.)-184331,Bursa,Mustafakemalpaşa,Derekadı,184331,142
2024,Bursa(Mustafakemalpaşa/Mustafakemalpaşa Bel./Dere Mah.)-20022,Bursa,Mustafakemalpaşa,Dere,20022,1231
2024,Bursa(Mustafakemalpaşa/Mustafakemalpaşa Bel./Devecikonağı Mah.)-184433,Bursa,Mustafakemalpaşa,Devecikonağı,184433,204
2024,Bursa(Mustafakemalpaşa/Mustafakemalpaşa Bel./Doğanalan Mah.)-184481,Bursa,Mustafakemalpaşa,Doğanalan,184481,202
2024,Bursa(Mustafakemalpaşa/Mustafakemalpaşa Bel./Doğancı Mah.)-184333,Bursa,Mustafakemalpaşa,Doğancı,184333,213
2024,Bursa(Mustafakemalpaşa/Mustafakemalpaşa Bel./Döllük Mah.)-184411,Bursa,Mustafakemalpaşa,Döllük,184411,90
2024,Bursa(Mustafakemalpaşa/Mustafakemalpaşa Bel./Dorak Mah.)-184483,Bursa,Mustafakemalpaşa,Dorak,184483,120
2024,Bursa(Mustafakemalpaşa/Mustafakemalpaşa Bel./Durumtay Mah.)-184335,Bursa,Mustafakemalpaşa,Durumtay,184335,310
2024,Bursa(Mustafakemalpaşa/Mustafakemalpaşa Bel./Eskibalçık Mah.)-184447,Bursa,Mustafakemalpaşa,Eskibalçık,184447,164
2024,Bursa(Mustafakemalpaşa/Mustafakemalpaşa Bel./Eskikızılelma Mah.)-184485,Bursa,Mustafakemalpaşa,Eskikızılelma,184485,487
2024,Bursa(Mustafakemalpaşa/Mustafakemalpaşa Bel./Fevzidede Mah.)-20023,Bursa,Mustafakemalpaşa,Fevzidede,20023,1256
2024,Bursa(Mustafakemalpaşa/Mustafakemalpaşa Bel./Fındıcak Mah.)-184449,Bursa,Mustafakemalpaşa,Fındıcak,184449,42
2024,Bursa(Mustafakemalpaşa/Mustafakemalpaşa Bel./Garipçetekke Mah.)-184487,Bursa,Mustafakemalpaşa,Garipçetekke,184487,32
2024,Bursa(Mustafakemalpaşa/Mustafakemalpaşa Bel./Güller Mah.)-184337,Bursa,Mustafakemalpaşa,Güller,184337,131
2024,Bursa(Mustafakemalpaşa/Mustafakemalpaşa Bel./Güllüce Mah.)-184339,Bursa,Mustafakemalpaşa,Güllüce,184339,854
2024,Bursa(Mustafakemalpaşa/Mustafakemalpaşa Bel./Gündoğdu Mah.)-184451,Bursa,Mustafakemalpaşa,Gündoğdu,184451,182
2024,Bursa(Mustafakemalpaşa/Mustafakemalpaşa Bel./Güveçdere Mah.)-184341,Bursa,Mustafakemalpaşa,Güveçdere,184341,69
2024,Bursa(Mustafakemalpaşa/Mustafakemalpaşa Bel./Güvem Mah.)-184453,Bursa,Mustafakemalpaşa,Güvem,184453,195
2024,Bursa(Mustafakemalpaşa/Mustafakemalpaşa Bel./Hacıahmet Mah.)-184455,Bursa,Mustafakemalpaşa,Hacıahmet,184455,183
2024,Bursa(Mustafakemalpaşa/Mustafakemalpaşa Bel./Hacıali Mah.)-184343,Bursa,Mustafakemalpaşa,Hacıali,184343,137
2024,Bursa(Mustafakemalpaşa/Mustafakemalpaşa Bel./Hamidiyeköyü Mah.)-184345,Bursa,Mustafakemalpaşa,Hamidiyeköyü,184345,133
2024,Bursa(Mustafakemalpaşa/Mustafakemalpaşa Bel./Hamidiye Mah.)-20024,Bursa,Mustafakemalpaşa,Hamidiye,20024,8018
2024,Bursa(Mustafakemalpaşa/Mustafakemalpaşa Bel./Hamzabey Mah.)-20025,Bursa,Mustafakemalpaşa,Hamzabey,20025,4645
2024,Bursa(Mustafakemalpaşa/Mustafakemalpaşa Bel./Hisaraltı Mah.)-184347,Bursa,Mustafakemalpaşa,Hisaraltı,184347,142
2024,Bursa(Mustafakemalpaşa/Mustafakemalpaşa Bel./İlyasçılar Mah.)-184349,Bursa,Mustafakemalpaşa,İlyasçılar,184349,155
2024,Bursa(Mustafakemalpaşa/Mustafakemalpaşa Bel./İncealipınar Mah.)-184489,Bursa,Mustafakemalpaşa,İncealipınar,184489,201
2024,Bursa(Mustafakemalpaşa/Mustafakemalpaşa Bel./Işıklar Mah.)-184413,Bursa,Mustafakemalpaşa,Işıklar,184413,31
2024,Bursa(Mustafakemalpaşa/Mustafakemalpaşa Bel./Kabulbaba Mah.)-184491,Bursa,Mustafakemalpaşa,Kabulbaba,184491,183
2024,Bursa(Mustafakemalpaşa/Mustafakemalpaşa Bel./Kadirçeşme Mah.)-184493,Bursa,Mustafakemalpaşa,Kadirçeşme,184493,82
2024,Bursa(Mustafakemalpaşa/Mustafakemalpaşa Bel./Kapaklıoluk Mah.)-184353,Bursa,Mustafakemalpaşa,Kapaklıoluk,184353,105
2024,Bursa(Mustafakemalpaşa/Mustafakemalpaşa Bel./Karacalar Mah.)-184415,Bursa,Mustafakemalpaşa,Karacalar,184415,71
2024,Bursa(Mustafakemalpaşa/Mustafakemalpaşa Bel./Karaköy Mah.)-184417,Bursa,Mustafakemalpaşa,Karaköy,184417,220
2024,Bursa(Mustafakemalpaşa/Mustafakemalpaşa Bel./Karaoğlan Mah.)-184355,Bursa,Mustafakemalpaşa,Karaoğlan,184355,735
2024,Bursa(Mustafakemalpaşa/Mustafakemalpaşa Bel./Karaorman Mah.)-184357,Bursa,Mustafakemalpaşa,Karaorman,184357,350
2024,Bursa(Mustafakemalpaşa/Mustafakemalpaşa Bel./Karapınar Mah.)-184359,Bursa,Mustafakemalpaşa,Karapınar,184359,200
2024,Bursa(Mustafakemalpaşa/Mustafakemalpaşa Bel./Kayabaşı Mah.)-184361,Bursa,Mustafakemalpaşa,Kayabaşı,184361,255
2024,Bursa(Mustafakemalpaşa/Mustafakemalpaşa Bel./Kazanpınar Mah.)-184495,Bursa,Mustafakemalpaşa,Kazanpınar,184495,56
2024,Bursa(Mustafakemalpaşa/Mustafakemalpaşa Bel./Keltaş Mah.)-184363,Bursa,Mustafakemalpaşa,Keltaş,184363,71
2024,Bursa(Mustafakemalpaşa/Mustafakemalpaşa Bel./Kestelek Mah.)-184419,Bursa,Mustafakemalpaşa,Kestelek,184419,263
2024,Bursa(Mustafakemalpaşa/Mustafakemalpaşa Bel./Killik Mah.)-184497,Bursa,Mustafakemalpaşa,Killik,184497,268
2024,Bursa(Mustafakemalpaşa/Mustafakemalpaşa Bel./Kocakoru Mah.)-184499,Bursa,Mustafakemalpaşa,Kocakoru,184499,94
2024,Bursa(Mustafakemalpaşa/Mustafakemalpaşa Bel./Kömürcükadı Mah.)-184369,Bursa,Mustafakemalpaşa,Kömürcükadı,184369,176
2024,Bursa(Mustafakemalpaşa/Mustafakemalpaşa Bel./Körekem Mah.)-184501,Bursa,Mustafakemalpaşa,Körekem,184501,562
2024,Bursa(Mustafakemalpaşa/Mustafakemalpaşa Bel./Kösehoroz Mah.)-184457,Bursa,Mustafakemalpaşa,Kösehoroz,184457,211
2024,Bursa(Mustafakemalpaşa/Mustafakemalpaşa Bel./Kosova Mah.)-184365,Bursa,Mustafakemalpaşa,Kosova,184365,284
2024,Bursa(Mustafakemalpaşa/Mustafakemalpaşa Bel./Koşuboğazı Mah.)-184367,Bursa,Mustafakemalpaşa,Koşuboğazı,184367,930
2024,Bursa(Mustafakemalpaşa/Mustafakemalpaşa Bel./Kumkadı Mah.)-184371,Bursa,Mustafakemalpaşa,Kumkadı,184371,765
2024,Bursa(Mustafakemalpaşa/Mustafakemalpaşa Bel./Kurşunlu Mah.)-184459,Bursa,Mustafakemalpaşa,Kurşunlu,184459,280
2024,Bursa(Mustafakemalpaşa/Mustafakemalpaşa Bel./Lalaşahin Mah.)-20026,Bursa,Mustafakemalpaşa,Lalaşahin,20026,3469
2024,Bursa(Mustafakemalpaşa/Mustafakemalpaşa Bel./Lütfiye Mah.)-184373,Bursa,Mustafakemalpaşa,Lütfiye,184373,131
2024,Bursa(Mustafakemalpaşa/Mustafakemalpaşa Bel./Melik Mah.)-184375,Bursa,Mustafakemalpaşa,Melik,184375,199
2024,Bursa(Mustafakemalpaşa/Mustafakemalpaşa Bel./Muradiyesarnıç Mah.)-184377,Bursa,Mustafakemalpaşa,Muradiyesarnıç,184377,257
2024,Bursa(Mustafakemalpaşa/Mustafakemalpaşa Bel./Ocaklı Mah.)-184379,Bursa,Mustafakemalpaşa,Ocaklı,184379,461
2024,Bursa(Mustafakemalpaşa/Mustafakemalpaşa Bel./Ömeraltı Mah.)-184423,Bursa,Mustafakemalpaşa,Ömeraltı,184423,78
2024,Bursa(Mustafakemalpaşa/Mustafakemalpaşa Bel./Onaç Mah.)-184503,Bursa,Mustafakemalpaşa,Onaç,184503,141
2024,Bursa(Mustafakemalpaşa/Mustafakemalpaşa Bel./Orhaniye Mah.)-184381,Bursa,Mustafakemalpaşa,Orhaniye,184381,114
2024,Bursa(Mustafakemalpaşa/Mustafakemalpaşa Bel./Ormankadı Mah.)-184383,Bursa,Mustafakemalpaşa,Ormankadı,184383,1023
2024,Bursa(Mustafakemalpaşa/Mustafakemalpaşa Bel./Orta Mah.)-20027,Bursa,Mustafakemalpaşa,Orta,20027,2524
2024,Bursa(Mustafakemalpaşa/Mustafakemalpaşa Bel./Osmaniye Mah.)-184421,Bursa,Mustafakemalpaşa,Osmaniye,184421,73
2024,Bursa(Mustafakemalpaşa/Mustafakemalpaşa Bel./Ovaazatlı Mah.)-184301,Bursa,Mustafakemalpaşa,Ovaazatlı,184301,1221
2024,Bursa(Mustafakemalpaşa/Mustafakemalpaşa Bel./Paşalar Mah.)-184385,Bursa,Mustafakemalpaşa,Paşalar,184385,559
2024,Bursa(Mustafakemalpaşa/Mustafakemalpaşa Bel./Şapçı Mah.)-184389,Bursa,Mustafakemalpaşa,Şapçı,184389,200
2024,Bursa(Mustafakemalpaşa/Mustafakemalpaşa Bel./Sarımustafalar Mah.)-184461,Bursa,Mustafakemalpaşa,Sarımustafalar,184461,59
2024,Bursa(Mustafakemalpaşa/Mustafakemalpaşa Bel./Şehriman Mah.)-184427,Bursa,Mustafakemalpaşa,Şehriman,184427,162
2024,Bursa(Mustafakemalpaşa/Mustafakemalpaşa Bel./Selimiye Mah.)-20028,Bursa,Mustafakemalpaşa,Selimiye,20028,3556
2024,Bursa(Mustafakemalpaşa/Mustafakemalpaşa Bel./Şerefiye Mah.)-20029,Bursa,Mustafakemalpaşa,Şerefiye,20029,332
2024,Bursa(Mustafakemalpaşa/Mustafakemalpaşa Bel./Şevketiye Mah.)-20030,Bursa,Mustafakemalpaşa,Şevketiye,20030,1202
2024,Bursa(Mustafakemalpaşa/Mustafakemalpaşa Bel./Şeyhmüftü Mah.)-20031,Bursa,Mustafakemalpaşa,Şeyhmüftü,20031,1959
2024,Bursa(Mustafakemalpaşa/Mustafakemalpaşa Bel./Sincansarnıç Mah.)-184505,Bursa,Mustafakemalpaşa,Sincansarnıç,184505,419
2024,Bursa(Mustafakemalpaşa/Mustafakemalpaşa Bel./Soğucak Mah.)-184463,Bursa,Mustafakemalpaşa,Soğucak,184463,101
2024,Bursa(Mustafakemalpaşa/Mustafakemalpaşa Bel./Soğukpınar Mah.)-184425,Bursa,Mustafakemalpaşa,Soğukpınar,184425,158
2024,Bursa(Mustafakemalpaşa/Mustafakemalpaşa Bel./Söğütalan Mah.)-184475,Bursa,Mustafakemalpaşa,Söğütalan,184475,235
2024,Bursa(Mustafakemalpaşa/Mustafakemalpaşa Bel./Sünlük Mah.)-184387,Bursa,Mustafakemalpaşa,Sünlük,184387,463
2024,Bursa(Mustafakemalpaşa/Mustafakemalpaşa Bel./Taşköprü Mah.)-184391,Bursa,Mustafakemalpaşa,Taşköprü,184391,90
2024,Bursa(Mustafakemalpaşa/Mustafakemalpaşa Bel./Taşpınar Mah.)-184507,Bursa,Mustafakemalpaşa,Taşpınar,184507,1432
2024,Bursa(Mustafakemalpaşa/Mustafakemalpaşa Bel./Tatkavaklı Mah.)-184293,Bursa,Mustafakemalpaşa,Tatkavaklı,184293,5516
2024,Bursa(Mustafakemalpaşa/Mustafakemalpaşa Bel./Tepecik Mah.)-184295,Bursa,Mustafakemalpaşa,Tepecik,184295,1082
2024,Bursa(Mustafakemalpaşa/Mustafakemalpaşa Bel./Tırnova Mah.)-184465,Bursa,Mustafakemalpaşa,Tırnova,184465,31
2024,Bursa(Mustafakemalpaşa/Mustafakemalpaşa Bel./Üçbeyli Mah.)-184393,Bursa,Mustafakemalpaşa,Üçbeyli,184393,197
2024,Bursa(Mustafakemalpaşa/Mustafakemalpaşa Bel./Uğurlupınar Mah.)-184509,Bursa,Mustafakemalpaşa,Uğurlupınar,184509,201
2024,Bursa(Mustafakemalpaşa/Mustafakemalpaşa Bel./Vıraca Mah.)-20032,Bursa,Mustafakemalpaşa,Vıraca,20032,1482
2024,Bursa(Mustafakemalpaşa/Mustafakemalpaşa Bel./Yalıntaş Mah.)-184297,Bursa,Mustafakemalpaşa,Yalıntaş,184297,6518
2024,Bursa(Mustafakemalpaşa/Mustafakemalpaşa Bel./Yamanlı Mah.)-184395,Bursa,Mustafakemalpaşa,Yamanlı,184395,416
2024,Bursa(Mustafakemalpaşa/Mustafakemalpaşa Bel./Yavelli Mah.)-184351,Bursa,Mustafakemalpaşa,Yavelli,184351,172
2024,Bursa(Mustafakemalpaşa/Mustafakemalpaşa Bel./Yaylaçayır Mah.)-184467,Bursa,Mustafakemalpaşa,Yaylaçayır,184467,56
2024,Bursa(Mustafakemalpaşa/Mustafakemalpaşa Bel./Yenibalçık Mah.)-184469,Bursa,Mustafakemalpaşa,Yenibalçık,184469,116
2024,Bursa(Mustafakemalpaşa/Mustafakemalpaşa Bel./Yenice Mah.)-184471,Bursa,Mustafakemalpaşa,Yenice,184471,372
2024,Bursa(Mustafakemalpaşa/Mustafakemalpaşa Bel./Yenidere Mah.)-20033,Bursa,Mustafakemalpaşa,Yenidere,20033,3229
2024,Bursa(Mustafakemalpaşa/Mustafakemalpaşa Bel./Yenikızılelma Mah.)-184429,Bursa,Mustafakemalpaşa,Yenikızılelma,184429,101
2024,Bursa(Mustafakemalpaşa/Mustafakemalpaşa Bel./Yeşilova Mah.)-184299,Bursa,Mustafakemalpaşa,Yeşilova,184299,1253
2024,Bursa(Mustafakemalpaşa/Mustafakemalpaşa Bel./Yoncaağaç Mah.)-184473,Bursa,Mustafakemalpaşa,Yoncaağaç,184473,127
2024,Bursa(Mustafakemalpaşa/Mustafakemalpaşa Bel./Yukarıbalı Mah.)-184431,Bursa,Mustafakemalpaşa,Yukarıbalı,184431,125
2024,Bursa(Mustafakemalpaşa/Mustafakemalpaşa Bel./Yumurcaklı Mah.)-184397,Bursa,Mustafakemalpaşa,Yumurcaklı,184397,233
2024,Bursa(Mustafakemalpaşa/Mustafakemalpaşa Bel./Yunus Emre Mah.)-20034,Bursa,Mustafakemalpaşa,Yunus Emre,20034,4324
2024,Bursa(Mustafakemalpaşa/Mustafakemalpaşa Bel./Yüzbaşı Sabribey Mah.)-20035,Bursa,Mustafakemalpaşa,Yüzbaşı Sabribey,20035,376
2024,Bursa(Mustafakemalpaşa/Mustafakemalpaşa Bel./Züferbey Mah.)-20036,Bursa,Mustafakemalpaşa,Züferbey,20036,2292
2024,Bursa(Nilüfer/Nilüfer Bel./19 Mayıs Mah.)-140338,Bursa,Nilüfer,19 Mayıs,140338,4371
2024,Bursa(Nilüfer/Nilüfer Bel./23 Nisan Mah.)-140334,Bursa,Nilüfer,23 Nisan,140334,21042
2024,Bursa(Nilüfer/Nilüfer Bel./29 Ekim Mah.)-140336,Bursa,Nilüfer,29 Ekim,140336,14587
2024,Bursa(Nilüfer/Nilüfer Bel./30 Ağustos Zafer Mah.)-11152,Bursa,Nilüfer,30 Ağustos Zafer,11152,15605
2024,Bursa(Nilüfer/Nilüfer Bel./Ahmet Yesevi Mah.)-11123,Bursa,Nilüfer,Ahmet Yesevi,11123,9021
2024,Bursa(Nilüfer/Nilüfer Bel./Akçalar Mah.)-11136,Bursa,Nilüfer,Akçalar,11136,10581
2024,Bursa(Nilüfer/Nilüfer Bel./Alaaddinbey Mah.)-11114,Bursa,Nilüfer,Alaaddinbey,11114,965
2024,Bursa(Nilüfer/Nilüfer Bel./Altınşehir Mah.)-11134,Bursa,Nilüfer,Altınşehir,11134,18830
2024,Bursa(Nilüfer/Nilüfer Bel./Ataevler Mah.)-11132,Bursa,Nilüfer,Ataevler,11132,17793
2024,Bursa(Nilüfer/Nilüfer Bel./Atlas Mah.)-183429,Bursa,Nilüfer,Atlas,183429,372
2024,Bursa(Nilüfer/Nilüfer Bel./Ayvaköy Mah.)-183431,Bursa,Nilüfer,Ayvaköy,183431,178
2024,Bursa(Nilüfer/Nilüfer Bel./Badırga Mah.)-183433,Bursa,Nilüfer,Badırga,183433,344
2024,Bursa(Nilüfer/Nilüfer Bel./Balat Mah.)-11124,Bursa,Nilüfer,Balat,11124,21167
2024,Bursa(Nilüfer/Nilüfer Bel./Balkan Mah.)-11147,Bursa,Nilüfer,Balkan,11147,19594
2024,Bursa(Nilüfer/Nilüfer Bel./Barış Mah.)-11133,Bursa,Nilüfer,Barış,11133,13667
2024,Bursa(Nilüfer/Nilüfer Bel./Başköy Mah.)-183435,Bursa,Nilüfer,Başköy,183435,304
2024,Bursa(Nilüfer/Nilüfer Bel./Beşevler Mah.)-11135,Bursa,Nilüfer,Beşevler,11135,23320
2024,Bursa(Nilüfer/Nilüfer Bel./Büyükbalıklı Mah.)-11148,Bursa,Nilüfer,Büyükbalıklı,11148,520
2024,Bursa(Nilüfer/Nilüfer Bel./Çalı Mah.)-11138,Bursa,Nilüfer,Çalı,11138,18226
2024,Bursa(Nilüfer/Nilüfer Bel./Çamlıca Mah.)-11117,Bursa,Nilüfer,Çamlıca,11117,17741
2024,Bursa(Nilüfer/Nilüfer Bel./Çatalağıl Mah.)-183437,Bursa,Nilüfer,Çatalağıl,183437,176
2024,Bursa(Nilüfer/Nilüfer Bel./Çaylı Mah.)-183439,Bursa,Nilüfer,Çaylı,183439,324
2024,Bursa(Nilüfer/Nilüfer Bel./Cumhuriyet Mah.)-11131,Bursa,Nilüfer,Cumhuriyet,11131,16705
2024,Bursa(Nilüfer/Nilüfer Bel./Dağyenice Mah.)-183441,Bursa,Nilüfer,Dağyenice,183441,415
2024,Bursa(Nilüfer/Nilüfer Bel./Demirci Mah.)-11120,Bursa,Nilüfer,Demirci,11120,15415
2024,Bursa(Nilüfer/Nilüfer Bel./Doğanköy Mah.)-183443,Bursa,Nilüfer,Doğanköy,183443,2182
2024,Bursa(Nilüfer/Nilüfer Bel./Dumlupınar Mah.)-11143,Bursa,Nilüfer,Dumlupınar,11143,28594
2024,Bursa(Nilüfer/Nilüfer Bel./Ertuğrul Mah.)-11116,Bursa,Nilüfer,Ertuğrul,11116,13058
2024,Bursa(Nilüfer/Nilüfer Bel./Esentepe Mah.)-11130,Bursa,Nilüfer,Esentepe,11130,13096
2024,Bursa(Nilüfer/Nilüfer Bel./Fadıllı Mah.)-183445,Bursa,Nilüfer,Fadıllı,183445,411
2024,Bursa(Nilüfer/Nilüfer Bel./Fethiye Mah.)-11126,Bursa,Nilüfer,Fethiye,11126,21920
2024,Bursa(Nilüfer/Nilüfer Bel./Gökçe Mah.)-11146,Bursa,Nilüfer,Gökçe,11146,443
2024,Bursa(Nilüfer/Nilüfer Bel./Gölyazı Mah.)-11141,Bursa,Nilüfer,Gölyazı,11141,1241
2024,Bursa(Nilüfer/Nilüfer Bel./Görükle Mah.)-11142,Bursa,Nilüfer,Görükle,11142,32489
2024,Bursa(Nilüfer/Nilüfer Bel./Gümüştepe Mah.)-11119,Bursa,Nilüfer,Gümüştepe,11119,2552
2024,Bursa(Nilüfer/Nilüfer Bel./Güngören Mah.)-183447,Bursa,Nilüfer,Güngören,183447,538
2024,Bursa(Nilüfer/Nilüfer Bel./Hasanağa Mah.)-11150,Bursa,Nilüfer,Hasanağa,11150,1661
2024,Bursa(Nilüfer/Nilüfer Bel./İhsaniye Mah.)-11128,Bursa,Nilüfer,İhsaniye,11128,28846
2024,Bursa(Nilüfer/Nilüfer Bel./İnegazi Mah.)-183449,Bursa,Nilüfer,İnegazi,183449,157
2024,Bursa(Nilüfer/Nilüfer Bel./İrfaniye Mah.)-11145,Bursa,Nilüfer,İrfaniye,11145,1187
2024,Bursa(Nilüfer/Nilüfer Bel./Işıktepe Mah.)-11129,Bursa,Nilüfer,Işıktepe,11129,3839
2024,Bursa(Nilüfer/Nilüfer Bel./Kadriye Mah.)-183451,Bursa,Nilüfer,Kadriye,183451,125
2024,Bursa(Nilüfer/Nilüfer Bel./Karacaoba Mah.)-183453,Bursa,Nilüfer,Karacaoba,183453,322
2024,Bursa(Nilüfer/Nilüfer Bel./Karaman Mah.)-11127,Bursa,Nilüfer,Karaman,11127,11484
2024,Bursa(Nilüfer/Nilüfer Bel./Kayapa Mah.)-11153,Bursa,Nilüfer,Kayapa,11153,3085
2024,Bursa(Nilüfer/Nilüfer Bel./Kızılcıklı Mah.)-11151,Bursa,Nilüfer,Kızılcıklı,11151,10880
2024,Bursa(Nilüfer/Nilüfer Bel./Konaklı Mah.)-183455,Bursa,Nilüfer,Konaklı,183455,1098
2024,Bursa(Nilüfer/Nilüfer Bel./Konak Mah.)-11121,Bursa,Nilüfer,Konak,11121,24807
2024,Bursa(Nilüfer/Nilüfer Bel./Korubaşı Mah.)-183457,Bursa,Nilüfer,Korubaşı,183457,317
2024,Bursa(Nilüfer/Nilüfer Bel./Kültür Mah.)-11118,Bursa,Nilüfer,Kültür,11118,13452
2024,Bursa(Nilüfer/Nilüfer Bel./Kurtuluş Mah.)-11144,Bursa,Nilüfer,Kurtuluş,11144,8609
2024,Bursa(Nilüfer/Nilüfer Bel./Kuruçeşme Mah.)-183459,Bursa,Nilüfer,Kuruçeşme,183459,97
2024,Bursa(Nilüfer/Nilüfer Bel./Makşempınarı Mah.)-183461,Bursa,Nilüfer,Makşempınarı,183461,312
2024,Bursa(Nilüfer/Nilüfer Bel./Minareliçavuş Mah.)-11125,Bursa,Nilüfer,Minareliçavuş,11125,5194
2024,Bursa(Nilüfer/Nilüfer Bel./Odunluk Mah.)-11113,Bursa,Nilüfer,Odunluk,11113,7362
2024,Bursa(Nilüfer/Nilüfer Bel./Özlüce Mah.)-11115,Bursa,Nilüfer,Özlüce,11115,4073
2024,Bursa(Nilüfer/Nilüfer Bel./Tahtalı Mah.)-183463,Bursa,Nilüfer,Tahtalı,183463,1246
2024,Bursa(Nilüfer/Nilüfer Bel./Üçevler Mah.)-11122,Bursa,Nilüfer,Üçevler,11122,27559
2024,Bursa(Nilüfer/Nilüfer Bel./Üçpınar Mah.)-183467,Bursa,Nilüfer,Üçpınar,183467,92
2024,Bursa(Nilüfer/Nilüfer Bel./Unçukuru Mah.)-183465,Bursa,Nilüfer,Unçukuru,183465,299
2024,Bursa(Nilüfer/Nilüfer Bel./Ürünlü Mah.)-11112,Bursa,Nilüfer,Ürünlü,11112,1338
2024,Bursa(Nilüfer/Nilüfer Bel./Yaylacık Mah.)-183469,Bursa,Nilüfer,Yaylacık,183469,2039
2024,Bursa(Nilüfer/Nilüfer Bel./Yolçatı Mah.)-183471,Bursa,Nilüfer,Yolçatı,183471,5593
2024,Bursa(Nilüfer/Nilüfer Bel./Yüzüncüyıl Mah.)-99075,Bursa,Nilüfer,Yüzüncüyıl,99075,18806
2024,Bursa(Orhaneli/Orhaneli Bel./300 Evler Mah.)-20064,Bursa,Orhaneli,300 Evler,20064,855
2024,Bursa(Orhaneli/Orhaneli Bel./Ağaçhisar Mah.)-184515,Bursa,Orhaneli,Ağaçhisar,184515,134
2024,Bursa(Orhaneli/Orhaneli Bel./Akalan Mah.)-184517,Bursa,Orhaneli,Akalan,184517,476
2024,Bursa(Orhaneli/Orhaneli Bel./Akçabük Mah.)-184519,Bursa,Orhaneli,Akçabük,184519,149
2024,Bursa(Orhaneli/Orhaneli Bel./Altıntaş Mah.)-184521,Bursa,Orhaneli,Altıntaş,184521,509
2024,Bursa(Orhaneli/Orhaneli Bel./Argın Mah.)-184523,Bursa,Orhaneli,Argın,184523,203
2024,Bursa(Orhaneli/Orhaneli Bel./Balıoğlu Mah.)-184525,Bursa,Orhaneli,Balıoğlu,184525,105
2024,Bursa(Orhaneli/Orhaneli Bel./Başköy Mah.)-184527,Bursa,Orhaneli,Başköy,184527,269
2024,Bursa(Orhaneli/Orhaneli Bel./Belenoluk Mah.)-184529,Bursa,Orhaneli,Belenoluk,184529,60
2024,Bursa(Orhaneli/Orhaneli Bel./Çeki Mah.)-184533,Bursa,Orhaneli,Çeki,184533,83
2024,Bursa(Orhaneli/Orhaneli Bel./Celepler Mah.)-184531,Bursa,Orhaneli,Celepler,184531,108
2024,Bursa(Orhaneli/Orhaneli Bel./Çınarcık Mah.)-184535,Bursa,Orhaneli,Çınarcık,184535,222
2024,Bursa(Orhaneli/Orhaneli Bel./Çivili Mah.)-184537,Bursa,Orhaneli,Çivili,184537,268
2024,Bursa(Orhaneli/Orhaneli Bel./Çöreler Mah.)-184539,Bursa,Orhaneli,Çöreler,184539,555
2024,Bursa(Orhaneli/Orhaneli Bel./Dağgüney Mah.)-184541,Bursa,Orhaneli,Dağgüney,184541,87
2024,Bursa(Orhaneli/Orhaneli Bel./Deliballılar Mah.)-184543,Bursa,Orhaneli,Deliballılar,184543,118
2024,Bursa(Orhaneli/Orhaneli Bel./Demirci Mah.)-184545,Bursa,Orhaneli,Demirci,184545,183
2024,Bursa(Orhaneli/Orhaneli Bel./Dere Mah.)-184547,Bursa,Orhaneli,Dere,184547,62
2024,Bursa(Orhaneli/Orhaneli Bel./Dündar Mah.)-184549,Bursa,Orhaneli,Dündar,184549,137
2024,Bursa(Orhaneli/Orhaneli Bel./Emir Mah.)-184551,Bursa,Orhaneli,Emir,184551,104
2024,Bursa(Orhaneli/Orhaneli Bel./Erenler Mah.)-184553,Bursa,Orhaneli,Erenler,184553,386
2024,Bursa(Orhaneli/Orhaneli Bel./Esentepe Mah.)-20065,Bursa,Orhaneli,Esentepe,20065,939
2024,Bursa(Orhaneli/Orhaneli Bel./Eskidanişment Mah.)-184555,Bursa,Orhaneli,Eskidanişment,184555,168
2024,Bursa(Orhaneli/Orhaneli Bel./Fadıl Mah.)-184557,Bursa,Orhaneli,Fadıl,184557,311
2024,Bursa(Orhaneli/Orhaneli Bel./Fevzipaşa Mah.)-20066,Bursa,Orhaneli,Fevzipaşa,20066,1946
2024,Bursa(Orhaneli/Orhaneli Bel./Firoz Mah.)-184559,Bursa,Orhaneli,Firoz,184559,133
2024,Bursa(Orhaneli/Orhaneli Bel./Gazioluk Mah.)-184561,Bursa,Orhaneli,Gazioluk,184561,58
2024,Bursa(Orhaneli/Orhaneli Bel./Gazipaşa Mah.)-20062,Bursa,Orhaneli,Gazipaşa,20062,1437
2024,Bursa(Orhaneli/Orhaneli Bel./Girencik Mah.)-184563,Bursa,Orhaneli,Girencik,184563,94
2024,Bursa(Orhaneli/Orhaneli Bel./Göktepe Mah.)-184565,Bursa,Orhaneli,Göktepe,184565,138
2024,Bursa(Orhaneli/Orhaneli Bel./Göynükbelen Mah.)-184511,Bursa,Orhaneli,Göynükbelen,184511,1075
2024,Bursa(Orhaneli/Orhaneli Bel./Gümüşpınar Mah.)-184567,Bursa,Orhaneli,Gümüşpınar,184567,881
2024,Bursa(Orhaneli/Orhaneli Bel./İkizoluk Mah.)-184569,Bursa,Orhaneli,İkizoluk,184569,197
2024,Bursa(Orhaneli/Orhaneli Bel./İsmetpaşa Mah.)-20061,Bursa,Orhaneli,İsmetpaşa,20061,1253
2024,Bursa(Orhaneli/Orhaneli Bel./Kabaklar Mah.)-184571,Bursa,Orhaneli,Kabaklar,184571,82
2024,Bursa(Orhaneli/Orhaneli Bel./Kadı Mah.)-184573,Bursa,Orhaneli,Kadı,184573,93
2024,Bursa(Orhaneli/Orhaneli Bel./Karabekirpaşa Mah.)-20063,Bursa,Orhaneli,Karabekirpaşa,20063,346
2024,Bursa(Orhaneli/Orhaneli Bel./Karaoğlanlar Mah.)-184575,Bursa,Orhaneli,Karaoğlanlar,184575,256
2024,Bursa(Orhaneli/Orhaneli Bel./Karasi Mah.)-184577,Bursa,Orhaneli,Karasi,184577,57
2024,Bursa(Orhaneli/Orhaneli Bel./Karıncalı Mah.)-184513,Bursa,Orhaneli,Karıncalı,184513,1261
2024,Bursa(Orhaneli/Orhaneli Bel./Koçu Mah.)-184579,Bursa,Orhaneli,Koçu,184579,160
2024,Bursa(Orhaneli/Orhaneli Bel./Küçükorhan Mah.)-184583,Bursa,Orhaneli,Küçükorhan,184583,108
2024,Bursa(Orhaneli/Orhaneli Bel./Kusumlar Mah.)-184581,Bursa,Orhaneli,Kusumlar,184581,64
2024,Bursa(Orhaneli/Orhaneli Bel./Letafet Mah.)-184585,Bursa,Orhaneli,Letafet,184585,86
2024,Bursa(Orhaneli/Orhaneli Bel./Mahaller Mah.)-184587,Bursa,Orhaneli,Mahaller,184587,117
2024,Bursa(Orhaneli/Orhaneli Bel./Nalınlar Mah.)-184589,Bursa,Orhaneli,Nalınlar,184589,270
2024,Bursa(Orhaneli/Orhaneli Bel./Orta Mah.)-184591,Bursa,Orhaneli,Orta,184591,149
2024,Bursa(Orhaneli/Orhaneli Bel./Osmaniyeçatak Mah.)-184593,Bursa,Orhaneli,Osmaniyeçatak,184593,96
2024,Bursa(Orhaneli/Orhaneli Bel./Sadağı Mah.)-184595,Bursa,Orhaneli,Sadağı,184595,120
2024,Bursa(Orhaneli/Orhaneli Bel./Semerci Mah.)-184597,Bursa,Orhaneli,Semerci,184597,92
2024,Bursa(Orhaneli/Orhaneli Bel./Serçeler Mah.)-184599,Bursa,Orhaneli,Serçeler,184599,71
2024,Bursa(Orhaneli/Orhaneli Bel./Sırıl Mah.)-184601,Bursa,Orhaneli,Sırıl,184601,311
2024,Bursa(Orhaneli/Orhaneli Bel./Söğüt Mah.)-184603,Bursa,Orhaneli,Söğüt,184603,218
2024,Bursa(Orhaneli/Orhaneli Bel./Şükriye Mah.)-184607,Bursa,Orhaneli,Şükriye,184607,60
2024,Bursa(Orhaneli/Orhaneli Bel./Süleymanbey Mah.)-184605,Bursa,Orhaneli,Süleymanbey,184605,275
2024,Bursa(Orhaneli/Orhaneli Bel./Tepecik Mah.)-184609,Bursa,Orhaneli,Tepecik,184609,153
2024,Bursa(Orhaneli/Orhaneli Bel./Topuk Mah.)-184611,Bursa,Orhaneli,Topuk,184611,167
2024,Bursa(Orhaneli/Orhaneli Bel./Yakuplar Mah.)-184613,Bursa,Orhaneli,Yakuplar,184613,234
2024,Bursa(Orhaneli/Orhaneli Bel./Yenidanişment Mah.)-184615,Bursa,Orhaneli,Yenidanişment,184615,45
2024,Bursa(Orhaneli/Orhaneli Bel./Yeşiller Mah.)-184617,Bursa,Orhaneli,Yeşiller,184617,225
2024,Bursa(Orhaneli/Orhaneli Bel./Yörükler Mah.)-184619,Bursa,Orhaneli,Yörükler,184619,250
2024,Bursa(Orhangazi/Orhangazi Bel./Akharem Mah.)-184631,Bursa,Orhangazi,Akharem,184631,302
2024,Bursa(Orhangazi/Orhangazi Bel./Arapzade Mah.)-20072,Bursa,Orhangazi,Arapzade,20072,29526
2024,Bursa(Orhangazi/Orhangazi Bel./Bayırköy Mah.)-184633,Bursa,Orhangazi,Bayırköy,184633,102
2024,Bursa(Orhangazi/Orhangazi Bel./Çakırlı Mah.)-184621,Bursa,Orhangazi,Çakırlı,184621,1347
2024,Bursa(Orhangazi/Orhangazi Bel./Camiikebir Mah.)-20073,Bursa,Orhangazi,Camiikebir,20073,8040
2024,Bursa(Orhangazi/Orhangazi Bel./Çeltikçi Mah.)-184637,Bursa,Orhangazi,Çeltikçi,184637,669
2024,Bursa(Orhangazi/Orhangazi Bel./Cihanköy Mah.)-184635,Bursa,Orhangazi,Cihanköy,184635,189
2024,Bursa(Orhangazi/Orhangazi Bel./Dutluca Mah.)-184639,Bursa,Orhangazi,Dutluca,184639,266
2024,Bursa(Orhangazi/Orhangazi Bel./Fatih Mah.)-20077,Bursa,Orhangazi,Fatih,20077,1055
2024,Bursa(Orhangazi/Orhangazi Bel./Fındıklı Mah.)-184641,Bursa,Orhangazi,Fındıklı,184641,371
2024,Bursa(Orhangazi/Orhangazi Bel./Gedelek Mah.)-184643,Bursa,Orhangazi,Gedelek,184643,1031
2024,Bursa(Orhangazi/Orhangazi Bel./Gemiç Mah.)-184645,Bursa,Orhangazi,Gemiç,184645,193
2024,Bursa(Orhangazi/Orhangazi Bel./Gölyaka Mah.)-184647,Bursa,Orhangazi,Gölyaka,184647,284
2024,Bursa(Orhangazi/Orhangazi Bel./Gürle Mah.)-184649,Bursa,Orhangazi,Gürle,184649,275
2024,Bursa(Orhangazi/Orhangazi Bel./Hamzalı Mah.)-184651,Bursa,Orhangazi,Hamzalı,184651,169
2024,Bursa(Orhangazi/Orhangazi Bel./Heceler Mah.)-184653,Bursa,Orhangazi,Heceler,184653,230
2024,Bursa(Orhangazi/Orhangazi Bel./Hürriyet Mah.)-20074,Bursa,Orhangazi,Hürriyet,20074,11782
2024,Bursa(Orhangazi/Orhangazi Bel./Karsak Mah.)-184655,Bursa,Orhangazi,Karsak,184655,250
2024,Bursa(Orhangazi/Orhangazi Bel./Keramet Mah.)-184657,Bursa,Orhangazi,Keramet,184657,889
2024,Bursa(Orhangazi/Orhangazi Bel./Mahmudiye Mah.)-184659,Bursa,Orhangazi,Mahmudiye,184659,161
2024,Bursa(Orhangazi/Orhangazi Bel./Muradiye Mah.)-20075,Bursa,Orhangazi,Muradiye,20075,9931
2024,Bursa(Orhangazi/Orhangazi Bel./Narlıca Mah.)-184623,Bursa,Orhangazi,Narlıca,184623,830
2024,Bursa(Orhangazi/Orhangazi Bel./Örnekköy Mah.)-184663,Bursa,Orhangazi,Örnekköy,184663,634
2024,Bursa(Orhangazi/Orhangazi Bel./Ortaköy Mah.)-184661,Bursa,Orhangazi,Ortaköy,184661,545
2024,Bursa(Orhangazi/Orhangazi Bel./Paşapınar Mah.)-184665,Bursa,Orhangazi,Paşapınar,184665,240
2024,Bursa(Orhangazi/Orhangazi Bel./Sölöz Mah.)-184625,Bursa,Orhangazi,Sölöz,184625,954
2024,Bursa(Orhangazi/Orhangazi Bel./Tekke Mah.)-20076,Bursa,Orhangazi,Tekke,20076,7189
2024,Bursa(Orhangazi/Orhangazi Bel./Üreğil Mah.)-184667,Bursa,Orhangazi,Üreğil,184667,732
2024,Bursa(Orhangazi/Orhangazi Bel./Yenigürle Mah.)-184669,Bursa,Orhangazi,Yenigürle,184669,566
2024,Bursa(Orhangazi/Orhangazi Bel./Yeniköy Mah.)-184627,Bursa,Orhangazi,Yeniköy,184627,2745
2024,Bursa(Orhangazi/Orhangazi Bel./Yenisölöz Mah.)-184629,Bursa,Orhangazi,Yenisölöz,184629,614
2024,Bursa(Osmangazi/Osmangazi Bel./Adalet Mah.)-11155,Bursa,Osmangazi,Adalet,11155,5219
2024,Bursa(Osmangazi/Osmangazi Bel./Ahmetbey Mah.)-183473,Bursa,Osmangazi,Ahmetbey,183473,563
2024,Bursa(Osmangazi/Osmangazi Bel./Ahmetpaşa Mah.)-11156,Bursa,Osmangazi,Ahmetpaşa,11156,1802
2024,Bursa(Osmangazi/Osmangazi Bel./Akpınar Mah.)-11157,Bursa,Osmangazi,Akpınar,11157,10886
2024,Bursa(Osmangazi/Osmangazi Bel./Aksungur Mah.)-183475,Bursa,Osmangazi,Aksungur,183475,383
2024,Bursa(Osmangazi/Osmangazi Bel./Aktarhüssam Mah.)-11158,Bursa,Osmangazi,Aktarhüssam,11158,1386
2024,Bursa(Osmangazi/Osmangazi Bel./Alaaddin Mah.)-11159,Bursa,Osmangazi,Alaaddin,11159,2055
2024,Bursa(Osmangazi/Osmangazi Bel./Alacahırka Mah.)-11160,Bursa,Osmangazi,Alacahırka,11160,3726
2024,Bursa(Osmangazi/Osmangazi Bel./Alacamescit Mah.)-11161,Bursa,Osmangazi,Alacamescit,11161,290
2024,Bursa(Osmangazi/Osmangazi Bel./Alaşarköy Mah.)-11162,Bursa,Osmangazi,Alaşarköy,11162,1688
2024,Bursa(Osmangazi/Osmangazi Bel./Alemdar Mah.)-11163,Bursa,Osmangazi,Alemdar,11163,21846
2024,Bursa(Osmangazi/Osmangazi Bel./Alipaşa Mah.)-11164,Bursa,Osmangazi,Alipaşa,11164,2248
2024,Bursa(Osmangazi/Osmangazi Bel./Altınova Mah.)-11165,Bursa,Osmangazi,Altınova,11165,4821
2024,Bursa(Osmangazi/Osmangazi Bel./Altıparmak Mah.)-11166,Bursa,Osmangazi,Altıparmak,11166,2050
2024,Bursa(Osmangazi/Osmangazi Bel./Armutköy Mah.)-11167,Bursa,Osmangazi,Armutköy,11167,593
2024,Bursa(Osmangazi/Osmangazi Bel./Atıcılar Mah.)-11168,Bursa,Osmangazi,Atıcılar,11168,8888
2024,Bursa(Osmangazi/Osmangazi Bel./Avdancık Mah.)-183477,Bursa,Osmangazi,Avdancık,183477,457
2024,Bursa(Osmangazi/Osmangazi Bel./Bağlarbaşı Mah.)-11169,Bursa,Osmangazi,Bağlarbaşı,11169,35887
2024,Bursa(Osmangazi/Osmangazi Bel./Bağlı Mah.)-183511,Bursa,Osmangazi,Bağlı,183511,402
2024,Bursa(Osmangazi/Osmangazi Bel./Bahar Mah.)-11170,Bursa,Osmangazi,Bahar,11170,5764
2024,Bursa(Osmangazi/Osmangazi Bel./Başaran Mah.)-11171,Bursa,Osmangazi,Başaran,11171,15192
2024,Bursa(Osmangazi/Osmangazi Bel./Büyükdeliller Mah.)-183513,Bursa,Osmangazi,Büyükdeliller,183513,349
2024,Bursa(Osmangazi/Osmangazi Bel./Çağlayan Mah.)-183479,Bursa,Osmangazi,Çağlayan,183479,1187
2024,Bursa(Osmangazi/Osmangazi Bel./Çaybaşı Mah.)-183515,Bursa,Osmangazi,Çaybaşı,183515,454
2024,Bursa(Osmangazi/Osmangazi Bel./Çekirge Mah.)-11172,Bursa,Osmangazi,Çekirge,11172,11143
2024,Bursa(Osmangazi/Osmangazi Bel./Çeltikköy Mah.)-11173,Bursa,Osmangazi,Çeltikköy,11173,605
2024,Bursa(Osmangazi/Osmangazi Bel./Çiftehavuzlar Mah.)-11175,Bursa,Osmangazi,Çiftehavuzlar,11175,18338
2024,Bursa(Osmangazi/Osmangazi Bel./Çirişhane Mah.)-11176,Bursa,Osmangazi,Çirişhane,11176,9068
2024,Bursa(Osmangazi/Osmangazi Bel./Çırpan Mah.)-11174,Bursa,Osmangazi,Çırpan,11174,4908
2024,Bursa(Osmangazi/Osmangazi Bel./Çukurcaköy Mah.)-11177,Bursa,Osmangazi,Çukurcaköy,11177,1811
2024,Bursa(Osmangazi/Osmangazi Bel./Dağakça Mah.)-183481,Bursa,Osmangazi,Dağakça,183481,539
2024,Bursa(Osmangazi/Osmangazi Bel./Demirkapı Mah.)-11178,Bursa,Osmangazi,Demirkapı,11178,1575
2024,Bursa(Osmangazi/Osmangazi Bel./Demirtaş Barbaros Mah.)-11250,Bursa,Osmangazi,Demirtaş Barbaros,11250,23770
2024,Bursa(Osmangazi/Osmangazi Bel./Demirtaş Cumhuriyet Mah.)-11251,Bursa,Osmangazi,Demirtaş Cumhuriyet,11251,47262
2024,Bursa(Osmangazi/Osmangazi Bel./Demirtaş Dumlupınar Mah.)-11253,Bursa,Osmangazi,Demirtaş Dumlupınar,11253,8940
2024,Bursa(Osmangazi/Osmangazi Bel./Demirtaşpaşa Mah.)-11179,Bursa,Osmangazi,Demirtaşpaşa,11179,4024
2024,Bursa(Osmangazi/Osmangazi Bel./Demirtaş Sakarya Mah.)-11252,Bursa,Osmangazi,Demirtaş Sakarya,11252,16041
2024,Bursa(Osmangazi/Osmangazi Bel./Dereçavuşköy Mah.)-11180,Bursa,Osmangazi,Dereçavuşköy,11180,474
2024,Bursa(Osmangazi/Osmangazi Bel./Dikkaldırım Mah.)-11247,Bursa,Osmangazi,Dikkaldırım,11247,18401
2024,Bursa(Osmangazi/Osmangazi Bel./Doburca Mah.)-11181,Bursa,Osmangazi,Doburca,11181,760
2024,Bursa(Osmangazi/Osmangazi Bel./Doğanbey Mah.)-11182,Bursa,Osmangazi,Doğanbey,11182,2609
2024,Bursa(Osmangazi/Osmangazi Bel./Doğancı Mah.)-183483,Bursa,Osmangazi,Doğancı,183483,389
2024,Bursa(Osmangazi/Osmangazi Bel./Doğanevler Mah.)-11183,Bursa,Osmangazi,Doğanevler,11183,5147
2024,Bursa(Osmangazi/Osmangazi Bel./Dürdane Mah.)-183485,Bursa,Osmangazi,Dürdane,183485,1092
2024,Bursa(Osmangazi/Osmangazi Bel./Ebu İshak Mah.)-11205,Bursa,Osmangazi,Ebu İshak,11205,960
2024,Bursa(Osmangazi/Osmangazi Bel./Elmaçukur Mah.)-183501,Bursa,Osmangazi,Elmaçukur,183501,150
2024,Bursa(Osmangazi/Osmangazi Bel./Elmasbahçeler Mah.)-11184,Bursa,Osmangazi,Elmasbahçeler,11184,9467
2024,Bursa(Osmangazi/Osmangazi Bel./Emek Adnan Menderes Mah.)-11255,Bursa,Osmangazi,Emek Adnan Menderes,11255,33919
2024,Bursa(Osmangazi/Osmangazi Bel./Emek Fatih Sultan Mehmet Mah.)-11256,Bursa,Osmangazi,Emek Fatih Sultan Mehmet,11256,24404
2024,Bursa(Osmangazi/Osmangazi Bel./Emek Zekai Gümüşdiş Mah.)-11257,Bursa,Osmangazi,Emek Zekai Gümüşdiş,11257,9937
2024,Bursa(Osmangazi/Osmangazi Bel./Fatih Mah.)-11185,Bursa,Osmangazi,Fatih,11185,12865
2024,Bursa(Osmangazi/Osmangazi Bel./Gaziakdemir Mah.)-11186,Bursa,Osmangazi,Gaziakdemir,11186,2844
2024,Bursa(Osmangazi/Osmangazi Bel./Geçit Mah.)-11187,Bursa,Osmangazi,Geçit,11187,19195
2024,Bursa(Osmangazi/Osmangazi Bel./Gökçeören Mah.)-183487,Bursa,Osmangazi,Gökçeören,183487,263
2024,Bursa(Osmangazi/Osmangazi Bel./Gülbahçe Mah.)-11188,Bursa,Osmangazi,Gülbahçe,11188,7575
2024,Bursa(Osmangazi/Osmangazi Bel./Gündoğdu Mah.)-11248,Bursa,Osmangazi,Gündoğdu,11248,1930
2024,Bursa(Osmangazi/Osmangazi Bel./Güneştepe Mah.)-99902,Bursa,Osmangazi,Güneştepe,99902,29554
2024,Bursa(Osmangazi/Osmangazi Bel./Güneybayır Mah.)-183517,Bursa,Osmangazi,Güneybayır,183517,228
2024,Bursa(Osmangazi/Osmangazi Bel./Güneybudaklar Mah.)-183519,Bursa,Osmangazi,Güneybudaklar,183519,347
2024,Bursa(Osmangazi/Osmangazi Bel./Hacı İlyas Mah.)-11189,Bursa,Osmangazi,Hacı İlyas,11189,2439
2024,Bursa(Osmangazi/Osmangazi Bel./Hamitler Mah.)-11190,Bursa,Osmangazi,Hamitler,11190,52062
2024,Bursa(Osmangazi/Osmangazi Bel./Hamzabey Mah.)-11191,Bursa,Osmangazi,Hamzabey,11191,2661
2024,Bursa(Osmangazi/Osmangazi Bel./Hocaalizade Mah.)-11228,Bursa,Osmangazi,Hocaalizade,11228,1675
2024,Bursa(Osmangazi/Osmangazi Bel./Hocahasan Mah.)-11192,Bursa,Osmangazi,Hocahasan,11192,4356
2024,Bursa(Osmangazi/Osmangazi Bel./Hüdavendigar Mah.)-11193,Bursa,Osmangazi,Hüdavendigar,11193,22179
2024,Bursa(Osmangazi/Osmangazi Bel./Hürriyet Mah.)-11194,Bursa,Osmangazi,Hürriyet,11194,4633
2024,Bursa(Osmangazi/Osmangazi Bel./Hüseyinalan Mah.)-183489,Bursa,Osmangazi,Hüseyinalan,183489,116
2024,Bursa(Osmangazi/Osmangazi Bel./İbrahimpaşa Mah.)-11195,Bursa,Osmangazi,İbrahimpaşa,11195,2217
2024,Bursa(Osmangazi/Osmangazi Bel./İnkaya Mah.)-11196,Bursa,Osmangazi,İnkaya,11196,702
2024,Bursa(Osmangazi/Osmangazi Bel./İntizam Mah.)-11197,Bursa,Osmangazi,İntizam,11197,3118
2024,Bursa(Osmangazi/Osmangazi Bel./İsmetiye Mah.)-11198,Bursa,Osmangazi,İsmetiye,11198,1879
2024,Bursa(Osmangazi/Osmangazi Bel./İstiklal Mah.)-11199,Bursa,Osmangazi,İstiklal,11199,9588
2024,Bursa(Osmangazi/Osmangazi Bel./İvazpaşa Mah.)-11200,Bursa,Osmangazi,İvazpaşa,11200,2675
2024,Bursa(Osmangazi/Osmangazi Bel./Karabalçık Mah.)-183491,Bursa,Osmangazi,Karabalçık,183491,822
2024,Bursa(Osmangazi/Osmangazi Bel./Karaislah Mah.)-183521,Bursa,Osmangazi,Karaislah,183521,198
2024,Bursa(Osmangazi/Osmangazi Bel./Kavaklı Mah.)-11201,Bursa,Osmangazi,Kavaklı,11201,1084
2024,Bursa(Osmangazi/Osmangazi Bel./Kayıhan Mah.)-11202,Bursa,Osmangazi,Kayıhan,11202,1214
2024,Bursa(Osmangazi/Osmangazi Bel./Kemerçeşme Mah.)-11203,Bursa,Osmangazi,Kemerçeşme,11203,5319
2024,Bursa(Osmangazi/Osmangazi Bel./Kirazlı Mah.)-11258,Bursa,Osmangazi,Kirazlı,11258,1049
2024,Bursa(Osmangazi/Osmangazi Bel./Kırcaali Mah.)-11204,Bursa,Osmangazi,Kırcaali,11204,1382
2024,Bursa(Osmangazi/Osmangazi Bel./Kiremitçi Mah.)-11206,Bursa,Osmangazi,Kiremitçi,11206,3037
2024,Bursa(Osmangazi/Osmangazi Bel./Kocanaip Mah.)-11207,Bursa,Osmangazi,Kocanaip,11207,1662
2024,Bursa(Osmangazi/Osmangazi Bel./Koğukçınar Mah.)-11208,Bursa,Osmangazi,Koğukçınar,11208,5891
2024,Bursa(Osmangazi/Osmangazi Bel./Küçükbalıklı Mah.)-11210,Bursa,Osmangazi,Küçükbalıklı,11210,20641
2024,Bursa(Osmangazi/Osmangazi Bel./Küçükdeliller Mah.)-183523,Bursa,Osmangazi,Küçükdeliller,183523,382
2024,Bursa(Osmangazi/Osmangazi Bel./Kükürtlü Mah.)-11211,Bursa,Osmangazi,Kükürtlü,11211,11217
2024,Bursa(Osmangazi/Osmangazi Bel./Küplüpınar Mah.)-11212,Bursa,Osmangazi,Küplüpınar,11212,10366
2024,Bursa(Osmangazi/Osmangazi Bel./Kuruçeşme Mah.)-11209,Bursa,Osmangazi,Kuruçeşme,11209,938
2024,Bursa(Osmangazi/Osmangazi Bel./Maksem Mah.)-11213,Bursa,Osmangazi,Maksem,11213,4333
2024,Bursa(Osmangazi/Osmangazi Bel./Mehmet Akif Mah.)-11214,Bursa,Osmangazi,Mehmet Akif,11214,7433
2024,Bursa(Osmangazi/Osmangazi Bel./Mollafenari Mah.)-11215,Bursa,Osmangazi,Mollafenari,11215,5766
2024,Bursa(Osmangazi/Osmangazi Bel./Mollagürani Mah.)-11216,Bursa,Osmangazi,Mollagürani,11216,747
2024,Bursa(Osmangazi/Osmangazi Bel./Muradiye Mah.)-11217,Bursa,Osmangazi,Muradiye,11217,3213
2024,Bursa(Osmangazi/Osmangazi Bel./Mürseller Mah.)-183493,Bursa,Osmangazi,Mürseller,183493,295
2024,Bursa(Osmangazi/Osmangazi Bel./Nalbantoğlu Mah.)-11218,Bursa,Osmangazi,Nalbantoğlu,11218,1405
2024,Bursa(Osmangazi/Osmangazi Bel./Namık Kemal Mah.)-11219,Bursa,Osmangazi,Namık Kemal,11219,7615
2024,Bursa(Osmangazi/Osmangazi Bel./Nilüferköy Mah.)-183495,Bursa,Osmangazi,Nilüferköy,183495,3604
2024,Bursa(Osmangazi/Osmangazi Bel./Orhanbey Mah.)-11220,Bursa,Osmangazi,Orhanbey,11220,291
2024,Bursa(Osmangazi/Osmangazi Bel./Osmangazi Mah.)-11221,Bursa,Osmangazi,Osmangazi,11221,2086
2024,Bursa(Osmangazi/Osmangazi Bel./Ovaakça Çeşmebaşı Mah.)-11260,Bursa,Osmangazi,Ovaakça Çeşmebaşı,11260,2849
2024,Bursa(Osmangazi/Osmangazi Bel./Ovaakça Eğitim Mah.)-11261,Bursa,Osmangazi,Ovaakça Eğitim,11261,1535
2024,Bursa(Osmangazi/Osmangazi Bel./Ovaakça Merkez Mah.)-11262,Bursa,Osmangazi,Ovaakça Merkez,11262,4053
2024,Bursa(Osmangazi/Osmangazi Bel./Ovaakça Santral Mah.)-11263,Bursa,Osmangazi,Ovaakça Santral,11263,3039
2024,Bursa(Osmangazi/Osmangazi Bel./Panayır Mah.)-11222,Bursa,Osmangazi,Panayır,11222,24074
2024,Bursa(Osmangazi/Osmangazi Bel./Pınarbaşı Mah.)-11223,Bursa,Osmangazi,Pınarbaşı,11223,2123
2024,Bursa(Osmangazi/Osmangazi Bel./Reyhan Mah.)-11224,Bursa,Osmangazi,Reyhan,11224,504
2024,Bursa(Osmangazi/Osmangazi Bel./Sakarya Mah.)-11225,Bursa,Osmangazi,Sakarya,11225,4197
2024,Bursa(Osmangazi/Osmangazi Bel./Santral Garaj Mah.)-11226,Bursa,Osmangazi,Santral Garaj,11226,794
2024,Bursa(Osmangazi/Osmangazi Bel./Seç Mah.)-183497,Bursa,Osmangazi,Seç,183497,525
2024,Bursa(Osmangazi/Osmangazi Bel./Seferışıklar Mah.)-183525,Bursa,Osmangazi,Seferışıklar,183525,196
2024,Bursa(Osmangazi/Osmangazi Bel./Şehabettinpaşa Mah.)-11233,Bursa,Osmangazi,Şehabettinpaşa,11233,868
2024,Bursa(Osmangazi/Osmangazi Bel./Şehreküstü Mah.)-11234,Bursa,Osmangazi,Şehreküstü,11234,409
2024,Bursa(Osmangazi/Osmangazi Bel./Selamet Mah.)-11227,Bursa,Osmangazi,Selamet,11227,6484
2024,Bursa(Osmangazi/Osmangazi Bel./Selçukgazi Mah.)-183499,Bursa,Osmangazi,Selçukgazi,183499,760
2024,Bursa(Osmangazi/Osmangazi Bel./Selimiye Mah.)-11229,Bursa,Osmangazi,Selimiye,11229,2088
2024,Bursa(Osmangazi/Osmangazi Bel./Sırameşeler Mah.)-11230,Bursa,Osmangazi,Sırameşeler,11230,12478
2024,Bursa(Osmangazi/Osmangazi Bel./Soğanlı Mah.)-11231,Bursa,Osmangazi,Soğanlı,11231,25671
2024,Bursa(Osmangazi/Osmangazi Bel./Soğukkuyu Mah.)-11232,Bursa,Osmangazi,Soğukkuyu,11232,9738
2024,Bursa(Osmangazi/Osmangazi Bel./Soğukpınar Mah.)-183509,Bursa,Osmangazi,Soğukpınar,183509,331
2024,Bursa(Osmangazi/Osmangazi Bel./Tahtakale Mah.)-11235,Bursa,Osmangazi,Tahtakale,11235,1207
2024,Bursa(Osmangazi/Osmangazi Bel./Tayakadın Mah.)-11236,Bursa,Osmangazi,Tayakadın,11236,1800
2024,Bursa(Osmangazi/Osmangazi Bel./Tuna Mah.)-11237,Bursa,Osmangazi,Tuna,11237,5724
2024,Bursa(Osmangazi/Osmangazi Bel./Tuzaklı Mah.)-183503,Bursa,Osmangazi,Tuzaklı,183503,216
2024,Bursa(Osmangazi/Osmangazi Bel./Tuzpazarı Mah.)-11238,Bursa,Osmangazi,Tuzpazarı,11238,279
2024,Bursa(Osmangazi/Osmangazi Bel./Uluçam Mah.)-183505,Bursa,Osmangazi,Uluçam,183505,140
2024,Bursa(Osmangazi/Osmangazi Bel./Ulu Mah.)-11239,Bursa,Osmangazi,Ulu,11239,2024
2024,Bursa(Osmangazi/Osmangazi Bel./Veysel Karani Mah.)-11240,Bursa,Osmangazi,Veysel Karani,11240,1928
2024,Bursa(Osmangazi/Osmangazi Bel./Yahşibey Mah.)-11241,Bursa,Osmangazi,Yahşibey,11241,2725
2024,Bursa(Osmangazi/Osmangazi Bel./Yenibağlar Mah.)-99903,Bursa,Osmangazi,Yenibağlar,99903,17576
2024,Bursa(Osmangazi/Osmangazi Bel./Yeniceabat Mah.)-11242,Bursa,Osmangazi,Yeniceabat,11242,1663
2024,Bursa(Osmangazi/Osmangazi Bel./Yenikaraman Mah.)-11243,Bursa,Osmangazi,Yenikaraman,11243,10629
2024,Bursa(Osmangazi/Osmangazi Bel./Yenikent Mah.)-99904,Bursa,Osmangazi,Yenikent,99904,6736
2024,Bursa(Osmangazi/Osmangazi Bel./Yeşilova Mah.)-11244,Bursa,Osmangazi,Yeşilova,11244,12179
2024,Bursa(Osmangazi/Osmangazi Bel./Yiğitali Mah.)-183507,Bursa,Osmangazi,Yiğitali,183507,542
2024,Bursa(Osmangazi/Osmangazi Bel./Yunuseli Mah.)-11245,Bursa,Osmangazi,Yunuseli,11245,42519
2024,Bursa(Osmangazi/Osmangazi Bel./Zafer Mah.)-11246,Bursa,Osmangazi,Zafer,11246,3873
2024,Bursa(Yenişehir/Yenişehir Bel./Afşar Mah.)-184671,Bursa,Yenişehir,Afşar,184671,86
2024,Bursa(Yenişehir/Yenişehir Bel./Akbıyık Mah.)-184673,Bursa,Yenişehir,Akbıyık,184673,243
2024,Bursa(Yenişehir/Yenişehir Bel./Akçapınar Mah.)-184675,Bursa,Yenişehir,Akçapınar,184675,427
2024,Bursa(Yenişehir/Yenişehir Bel./Akdere Mah.)-184677,Bursa,Yenişehir,Akdere,184677,140
2024,Bursa(Yenişehir/Yenişehir Bel./Alaylı Mah.)-184679,Bursa,Yenişehir,Alaylı,184679,181
2024,Bursa(Yenişehir/Yenişehir Bel./Ayaz Mah.)-184681,Bursa,Yenişehir,Ayaz,184681,195
2024,Bursa(Yenişehir/Yenişehir Bel./Aydoğdu Mah.)-184683,Bursa,Yenişehir,Aydoğdu,184683,159
2024,Bursa(Yenişehir/Yenişehir Bel./Barcın Mah.)-184685,Bursa,Yenişehir,Barcın,184685,413
2024,Bursa(Yenişehir/Yenişehir Bel./Beypınar Mah.)-184687,Bursa,Yenişehir,Beypınar,184687,167
2024,Bursa(Yenişehir/Yenişehir Bel./Burcun Mah.)-184689,Bursa,Yenişehir,Burcun,184689,199
2024,Bursa(Yenişehir/Yenişehir Bel./Çamönü Mah.)-184693,Bursa,Yenişehir,Çamönü,184693,232
2024,Bursa(Yenişehir/Yenişehir Bel./Çardak Mah.)-184695,Bursa,Yenişehir,Çardak,184695,245
2024,Bursa(Yenişehir/Yenişehir Bel./Çayırlı Mah.)-184697,Bursa,Yenişehir,Çayırlı,184697,353
2024,Bursa(Yenişehir/Yenişehir Bel./Çayır Mah.)-20088,Bursa,Yenişehir,Çayır,20088,1349
2024,Bursa(Yenişehir/Yenişehir Bel./Çelebi Mah.)-184699,Bursa,Yenişehir,Çelebi,184699,671
2024,Bursa(Yenişehir/Yenişehir Bel./Çeltikçi Mah.)-184701,Bursa,Yenişehir,Çeltikçi,184701,557
2024,Bursa(Yenişehir/Yenişehir Bel./Çiçeközü Mah.)-184703,Bursa,Yenişehir,Çiçeközü,184703,440
2024,Bursa(Yenişehir/Yenişehir Bel./Cihadiye Mah.)-184691,Bursa,Yenişehir,Cihadiye,184691,437
2024,Bursa(Yenişehir/Yenişehir Bel./Demirboğa Mah.)-184705,Bursa,Yenişehir,Demirboğa,184705,258
2024,Bursa(Yenişehir/Yenişehir Bel./Dereköy Mah.)-184707,Bursa,Yenişehir,Dereköy,184707,89
2024,Bursa(Yenişehir/Yenişehir Bel./Ebeköy Mah.)-184709,Bursa,Yenişehir,Ebeköy,184709,258
2024,Bursa(Yenişehir/Yenişehir Bel./Eğerce Mah.)-184711,Bursa,Yenişehir,Eğerce,184711,243
2024,Bursa(Yenişehir/Yenişehir Bel./Fethiye Mah.)-184713,Bursa,Yenişehir,Fethiye,184713,227
2024,Bursa(Yenişehir/Yenişehir Bel./Gökçesu Mah.)-184715,Bursa,Yenişehir,Gökçesu,184715,136
2024,Bursa(Yenişehir/Yenişehir Bel./Gündoğan Mah.)-20089,Bursa,Yenişehir,Gündoğan,20089,1278
2024,Bursa(Yenişehir/Yenişehir Bel./Günece Mah.)-184717,Bursa,Yenişehir,Günece,184717,169
2024,Bursa(Yenişehir/Yenişehir Bel./Hayriye Mah.)-184719,Bursa,Yenişehir,Hayriye,184719,292
2024,Bursa(Yenişehir/Yenişehir Bel./Hıdırbali Mah.)-20090,Bursa,Yenişehir,Hıdırbali,20090,602
2024,Bursa(Yenişehir/Yenişehir Bel./İncirli Mah.)-184721,Bursa,Yenişehir,İncirli,184721,423
2024,Bursa(Yenişehir/Yenişehir Bel./Karaamca Mah.)-184723,Bursa,Yenişehir,Karaamca,184723,204
2024,Bursa(Yenişehir/Yenişehir Bel./Karabahadır Mah.)-184725,Bursa,Yenişehir,Karabahadır,184725,74
2024,Bursa(Yenişehir/Yenişehir Bel./Karacaahmet Mah.)-184727,Bursa,Yenişehir,Karacaahmet,184727,134
2024,Bursa(Yenişehir/Yenişehir Bel./Karacaali Mah.)-184729,Bursa,Yenişehir,Karacaali,184729,220
2024,Bursa(Yenişehir/Yenişehir Bel./Karaköy Mah.)-184731,Bursa,Yenişehir,Karaköy,184731,212
2024,Bursa(Yenişehir/Yenişehir Bel./Karasıl Mah.)-184733,Bursa,Yenişehir,Karasıl,184733,354
2024,Bursa(Yenişehir/Yenişehir Bel./Kavaklı Mah.)-184735,Bursa,Yenişehir,Kavaklı,184735,453
2024,Bursa(Yenişehir/Yenişehir Bel./Kıblepınar Mah.)-184737,Bursa,Yenişehir,Kıblepınar,184737,62
2024,Bursa(Yenişehir/Yenişehir Bel./Kirazlıyayla Mah.)-184743,Bursa,Yenişehir,Kirazlıyayla,184743,170
2024,Bursa(Yenişehir/Yenişehir Bel./Kızılhisar Mah.)-184739,Bursa,Yenişehir,Kızılhisar,184739,219
2024,Bursa(Yenişehir/Yenişehir Bel./Kızılköy Mah.)-184741,Bursa,Yenişehir,Kızılköy,184741,196
2024,Bursa(Yenişehir/Yenişehir Bel./Köprühisar Mah.)-184749,Bursa,Yenişehir,Köprühisar,184749,308
2024,Bursa(Yenişehir/Yenişehir Bel./Koyunhisar Mah.)-184745,Bursa,Yenişehir,Koyunhisar,184745,635
2024,Bursa(Yenişehir/Yenişehir Bel./Kozdere Mah.)-184747,Bursa,Yenişehir,Kozdere,184747,397
2024,Bursa(Yenişehir/Yenişehir Bel./Kurtuluş Mah.)-20091,Bursa,Yenişehir,Kurtuluş,20091,8538
2024,Bursa(Yenişehir/Yenişehir Bel./Mahmudiye Mah.)-184751,Bursa,Yenişehir,Mahmudiye,184751,511
2024,Bursa(Yenişehir/Yenişehir Bel./Marmaracık Mah.)-184753,Bursa,Yenişehir,Marmaracık,184753,412
2024,Bursa(Yenişehir/Yenişehir Bel./Mecidiye Mah.)-184755,Bursa,Yenişehir,Mecidiye,184755,94
2024,Bursa(Yenişehir/Yenişehir Bel./Menteşe Mah.)-184757,Bursa,Yenişehir,Menteşe,184757,296
2024,Bursa(Yenişehir/Yenişehir Bel./Orhaniye Mah.)-184759,Bursa,Yenişehir,Orhaniye,184759,540
2024,Bursa(Yenişehir/Yenişehir Bel./Osmaniye Mah.)-184761,Bursa,Yenişehir,Osmaniye,184761,261
2024,Bursa(Yenişehir/Yenişehir Bel./Papatya Mah.)-184763,Bursa,Yenişehir,Papatya,184763,147
2024,Bursa(Yenişehir/Yenişehir Bel./Paşayayla Mah.)-184765,Bursa,Yenişehir,Paşayayla,184765,51
2024,Bursa(Yenişehir/Yenişehir Bel./Reşadiye Mah.)-184767,Bursa,Yenişehir,Reşadiye,184767,75
2024,Bursa(Yenişehir/Yenişehir Bel./Selimiye Mah.)-184769,Bursa,Yenişehir,Selimiye,184769,321
2024,Bursa(Yenişehir/Yenişehir Bel./Söylemiş Mah.)-184771,Bursa,Yenişehir,Söylemiş,184771,474
2024,Bursa(Yenişehir/Yenişehir Bel./Subaşı Mah.)-184773,Bursa,Yenişehir,Subaşı,184773,728
2024,Bursa(Yenişehir/Yenişehir Bel./Süleymaniye Mah.)-184775,Bursa,Yenişehir,Süleymaniye,184775,183
2024,Bursa(Yenişehir/Yenişehir Bel./Tabakhane Mah.)-20092,Bursa,Yenişehir,Tabakhane,20092,1415
2024,Bursa(Yenişehir/Yenişehir Bel./Terziler Mah.)-184777,Bursa,Yenişehir,Terziler,184777,738
2024,Bursa(Yenişehir/Yenişehir Bel./Toprakdere Mah.)-184779,Bursa,Yenişehir,Toprakdere,184779,87
2024,Bursa(Yenişehir/Yenişehir Bel./Toprakocak Mah.)-184781,Bursa,Yenişehir,Toprakocak,184781,157
2024,Bursa(Yenişehir/Yenişehir Bel./Ulucami Mah.)-20093,Bursa,Yenişehir,Ulucami,20093,1233
2024,Bursa(Yenişehir/Yenişehir Bel./Yarhisar Mah.)-184783,Bursa,Yenişehir,Yarhisar,184783,76
2024,Bursa(Yenişehir/Yenişehir Bel./Yazılı Mah.)-184785,Bursa,Yenişehir,Yazılı,184785,46
2024,Bursa(Yenişehir/Yenişehir Bel./Yenigün Mah.)-20095,Bursa,Yenişehir,Yenigün,20095,18627
2024,Bursa(Yenişehir/Yenişehir Bel./Yeniköy Mah.)-184787,Bursa,Yenişehir,Yeniköy,184787,164
2024,Bursa(Yenişehir/Yenişehir Bel./Yeni Mah.)-20094,Bursa,Yenişehir,Yeni,20094,2187
2024,Bursa(Yenişehir/Yenişehir Bel./Yıldırım Mah.)-184789,Bursa,Yenişehir,Yıldırım,184789,115
2024,Bursa(Yenişehir/Yenişehir Bel./Yılmaz Mah.)-20096,Bursa,Yenişehir,Yılmaz,20096,437
2024,Bursa(Yenişehir/Yenişehir Bel./Yolören Mah.)-184791,Bursa,Yenişehir,Yolören,184791,1176
2024,Bursa(Yenişehir/Yenişehir Bel./Yüzüncüyıl Mah.)-20097,Bursa,Yenişehir,Yüzüncüyıl,20097,2410
2024,Bursa(Yıldırım/Yıldırım Bel./152evler Mah.)-11274,Bursa,Yıldırım,152evler,11274,8775
2024,Bursa(Yıldırım/Yıldırım Bel./75.Yıl Mah.)-11324,Bursa,Yıldırım,75.Yıl,11324,10815
2024,Bursa(Yıldırım/Yıldırım Bel./Akçağlayan Mah.)-11329,Bursa,Yıldırım,Akçağlayan,11329,15912
2024,Bursa(Yıldırım/Yıldırım Bel./Anadolu Mah.)-11297,Bursa,Yıldırım,Anadolu,11297,1966
2024,Bursa(Yıldırım/Yıldırım Bel./Arabayatağı Mah.)-11318,Bursa,Yıldırım,Arabayatağı,11318,21622
2024,Bursa(Yıldırım/Yıldırım Bel./Bağlaraltı Mah.)-11265,Bursa,Yıldırım,Bağlaraltı,11265,18045
2024,Bursa(Yıldırım/Yıldırım Bel./Balaban Mah.)-183533,Bursa,Yıldırım,Balaban,183533,265
2024,Bursa(Yıldırım/Yıldırım Bel./Baruthane Mah.)-11276,Bursa,Yıldırım,Baruthane,11276,7916
2024,Bursa(Yıldırım/Yıldırım Bel./Beyazıt Mah.)-11275,Bursa,Yıldırım,Beyazıt,11275,7164
2024,Bursa(Yıldırım/Yıldırım Bel./Çelebi Mehmet Mah.)-749697,Bursa,Yıldırım,Çelebi Mehmet,749697,8376
2024,Bursa(Yıldırım/Yıldırım Bel./Çınarönü Mah.)-11317,Bursa,Yıldırım,Çınarönü,11317,14421
2024,Bursa(Yıldırım/Yıldırım Bel./Cumalıkızık Mah.)-183529,Bursa,Yıldırım,Cumalıkızık,183529,699
2024,Bursa(Yıldırım/Yıldırım Bel./Davutdede Mah.)-11277,Bursa,Yıldırım,Davutdede,11277,6470
2024,Bursa(Yıldırım/Yıldırım Bel./Davutkadı Mah.)-11322,Bursa,Yıldırım,Davutkadı,11322,6732
2024,Bursa(Yıldırım/Yıldırım Bel./Değirmenlikızık Mah.)-11315,Bursa,Yıldırım,Değirmenlikızık,11315,16721
2024,Bursa(Yıldırım/Yıldırım Bel./Değirmenönü Mah.)-11286,Bursa,Yıldırım,Değirmenönü,11286,26421
2024,Bursa(Yıldırım/Yıldırım Bel./Demetevler Mah.)-11281,Bursa,Yıldırım,Demetevler,11281,10022
2024,Bursa(Yıldırım/Yıldırım Bel./Duaçınarı Mah.)-11289,Bursa,Yıldırım,Duaçınarı,11289,2710
2024,Bursa(Yıldırım/Yıldırım Bel./Eğitim Mah.)-11273,Bursa,Yıldırım,Eğitim,11273,11176
2024,Bursa(Yıldırım/Yıldırım Bel./Emirsultan Mah.)-11271,Bursa,Yıldırım,Emirsultan,11271,5766
2024,Bursa(Yıldırım/Yıldırım Bel./Erikli Mah.)-11264,Bursa,Yıldırım,Erikli,11264,11898
2024,Bursa(Yıldırım/Yıldırım Bel./Ertuğrulgazi Mah.)-11314,Bursa,Yıldırım,Ertuğrulgazi,11314,9028
2024,Bursa(Yıldırım/Yıldırım Bel./Esenevler Mah.)-11288,Bursa,Yıldırım,Esenevler,11288,17361
2024,Bursa(Yıldırım/Yıldırım Bel./Fidyekızık Mah.)-11311,Bursa,Yıldırım,Fidyekızık,11311,5097
2024,Bursa(Yıldırım/Yıldırım Bel./Güllük Mah.)-11267,Bursa,Yıldırım,Güllük,11267,9609
2024,Bursa(Yıldırım/Yıldırım Bel./Hacıseyfettin Mah.)-11303,Bursa,Yıldırım,Hacıseyfettin,11303,7121
2024,Bursa(Yıldırım/Yıldırım Bel./Hacivat Mah.)-11316,Bursa,Yıldırım,Hacivat,11316,16220
2024,Bursa(Yıldırım/Yıldırım Bel./Hamamlıkızık Mah.)-183527,Bursa,Yıldırım,Hamamlıkızık,183527,694
2024,Bursa(Yıldırım/Yıldırım Bel./Hocataşkın Mah.)-11306,Bursa,Yıldırım,Hocataşkın,11306,1221
2024,Bursa(Yıldırım/Yıldırım Bel./İsabey Mah.)-11280,Bursa,Yıldırım,İsabey,11280,7096
2024,Bursa(Yıldırım/Yıldırım Bel./Kaplıkaya Mah.)-11313,Bursa,Yıldırım,Kaplıkaya,11313,3678
2024,Bursa(Yıldırım/Yıldırım Bel./Karaağaç Mah.)-11294,Bursa,Yıldırım,Karaağaç,11294,6398
2024,Bursa(Yıldırım/Yıldırım Bel./Karamazak Mah.)-11293,Bursa,Yıldırım,Karamazak,11293,3768
2024,Bursa(Yıldırım/Yıldırım Bel./Karapınar Mah.)-11285,Bursa,Yıldırım,Karapınar,11285,14701
2024,Bursa(Yıldırım/Yıldırım Bel./Kazım Karabekir Mah.)-11298,Bursa,Yıldırım,Kazım Karabekir,11298,9474
2024,Bursa(Yıldırım/Yıldırım Bel./Kurtoğlu Mah.)-11292,Bursa,Yıldırım,Kurtoğlu,11292,3313
2024,Bursa(Yıldırım/Yıldırım Bel./Maltepe Mah.)-11328,Bursa,Yıldırım,Maltepe,11328,6579
2024,Bursa(Yıldırım/Yıldırım Bel./Mehmetakifersoy Mah.)-11304,Bursa,Yıldırım,Mehmetakifersoy,11304,6675
2024,Bursa(Yıldırım/Yıldırım Bel./Mevlana Mah.)-11300,Bursa,Yıldırım,Mevlana,11300,10357
2024,Bursa(Yıldırım/Yıldırım Bel./Meydancık Mah.)-11320,Bursa,Yıldırım,Meydancık,11320,2095
2024,Bursa(Yıldırım/Yıldırım Bel./Millet Mah.)-11283,Bursa,Yıldırım,Millet,11283,38999
2024,Bursa(Yıldırım/Yıldırım Bel./Mimarsinan Mah.)-11266,Bursa,Yıldırım,Mimarsinan,11266,11893
2024,Bursa(Yıldırım/Yıldırım Bel./Mollaarap Mah.)-11295,Bursa,Yıldırım,Mollaarap,11295,8280
2024,Bursa(Yıldırım/Yıldırım Bel./Musababa Mah.)-11307,Bursa,Yıldırım,Musababa,11307,3137
2024,Bursa(Yıldırım/Yıldırım Bel./Namazgah Mah.)-11325,Bursa,Yıldırım,Namazgah,11325,4070
2024,Bursa(Yıldırım/Yıldırım Bel./Ortabağlar Mah.)-11268,Bursa,Yıldırım,Ortabağlar,11268,15172
2024,Bursa(Yıldırım/Yıldırım Bel./Piremir Mah.)-11310,Bursa,Yıldırım,Piremir,11310,12580
2024,Bursa(Yıldırım/Yıldırım Bel./Sakarya Mah.)-749242,Bursa,Yıldırım,Sakarya,749242,10534
2024,Bursa(Yıldırım/Yıldırım Bel./Samanlı Mah.)-11282,Bursa,Yıldırım,Samanlı,11282,9221
2024,Bursa(Yıldırım/Yıldırım Bel./Selçukbey Mah.)-11272,Bursa,Yıldırım,Selçukbey,11272,11185
2024,Bursa(Yıldırım/Yıldırım Bel./Selimzade Mah.)-11321,Bursa,Yıldırım,Selimzade,11321,3476
2024,Bursa(Yıldırım/Yıldırım Bel./Sinandede Mah.)-11302,Bursa,Yıldırım,Sinandede,11302,6346
2024,Bursa(Yıldırım/Yıldırım Bel./Sıracevizler Mah.)-11269,Bursa,Yıldırım,Sıracevizler,11269,6500
2024,Bursa(Yıldırım/Yıldırım Bel./Şirinevler Mah.)-11284,Bursa,Yıldırım,Şirinevler,11284,23944
2024,Bursa(Yıldırım/Yıldırım Bel./Siteler Mah.)-11312,Bursa,Yıldırım,Siteler,11312,5025
2024,Bursa(Yıldırım/Yıldırım Bel./Şükraniye Mah.)-11301,Bursa,Yıldırım,Şükraniye,11301,8559
2024,Bursa(Yıldırım/Yıldırım Bel./Teferrüç Mah.)-11309,Bursa,Yıldırım,Teferrüç,11309,5558
2024,Bursa(Yıldırım/Yıldırım Bel./Ulus Mah.)-11319,Bursa,Yıldırım,Ulus,11319,17435
2024,Bursa(Yıldırım/Yıldırım Bel./Umurbey Mah.)-11308,Bursa,Yıldırım,Umurbey,11308,5545
2024,Bursa(Yıldırım/Yıldırım Bel./Vakıf Mah.)-11279,Bursa,Yıldırım,Vakıf,11279,10317
2024,Bursa(Yıldırım/Yıldırım Bel./Vatan Mah.)-11296,Bursa,Yıldırım,Vatan,11296,8484
2024,Bursa(Yıldırım/Yıldırım Bel./Yavuzselım Mah.)-11299,Bursa,Yıldırım,Yavuzselım,11299,14300
2024,Bursa(Yıldırım/Yıldırım Bel./Yediselviler Mah.)-11278,Bursa,Yıldırım,Yediselviler,11278,4278
2024,Bursa(Yıldırım/Yıldırım Bel./Yenımahalle Mah.)-11326,Bursa,Yıldırım,Yenımahalle,11326,3973
2024,Bursa(Yıldırım/Yıldırım Bel./Yeşil Mah.)-11291,Bursa,Yıldırım,Yeşil,11291,2596
2024,Bursa(Yıldırım/Yıldırım Bel./Yeşilyayla Mah.)-11270,Bursa,Yıldırım,Yeşilyayla,11270,6440
2024,Bursa(Yıldırım/Yıldırım Bel./Yiğitler Mah.)-11287,Bursa,Yıldırım,Yiğitler,11287,11833
2024,Bursa(Yıldırım/Yıldırım Bel./Yıldırım Mah.)-11305,Bursa,Yıldırım,Yıldırım,11305,6575
2024,Bursa(Yıldırım/Yıldırım Bel./Yunusemre Mah.)-11290,Bursa,Yıldırım,Yunusemre,11290,11107
2024,Bursa(Yıldırım/Yıldırım Bel./Zeyniler Mah.)-183531,Bursa,Yıldırım,Zeyniler,183531,216
2024,Bursa(Yıldırım/Yıldırım Bel./Zümrütevler Mah.)-11327,Bursa,Yıldırım,Zümrütevler,11327,13043
